time,SBERP,LKOH,GAZP,FIVE,YNDX,SMLT,SVAV,NVDA,VTBR,TRMK,GMKN,FEES,AFLT,FLOT
2021-08-24 07:00:00+00:00,303.79,6488.0,298.7,2518.5,5159.0,3350.0,202.5,,0.051065,105.0,24066.0,0.19916,68.28,86.49
2021-08-25 07:00:00+00:00,303.7,6431.0,296.7,2482.5,5129.6,3269.2,202.0,,0.051085,106.16,23932.0,0.19846,68.22,86.83
2021-08-26 07:00:00+00:00,302.64,6343.5,294.34,2444.0,5219.0,3387.8,204.5,,0.050045,106.0,23712.0,0.1966,68.06,86.75
2021-08-27 07:00:00+00:00,307.47,6429.5,299.66,2473.0,5308.0,3399.2,203.5,,0.050805,108.5,23986.0,0.19628,68.64,87.66
2021-08-30 07:00:00+00:00,308.88,6439.0,305.17,2465.0,5352.4,3394.8,207.5,,0.05215,115.7,24266.0,0.1977,69.28,87.5
2021-08-31 07:00:00+00:00,308.65,6283.5,305.65,2420.5,5615.0,3400.0,223.5,,0.05269,116.4,24032.0,0.1973,69.32,88.0
2021-09-01 07:00:00+00:00,313.23,6334.0,312.89,2463.5,5699.6,3500.0,235.0,,0.0532,116.4,24228.0,0.19596,69.48,87.54
2021-09-02 07:00:00+00:00,309.3,6350.5,312.3,2419.5,5636.4,3891.6,229.0,,0.052445,115.8,23880.0,0.1987,69.42,87.7
2021-09-03 07:00:00+00:00,309.98,6330.0,317.94,2395.5,5732.6,3900.0,236.0,,0.0524,118.7,24442.0,0.20204,69.4,87.37
2021-09-06 07:00:00+00:00,310.32,6325.0,328.93,2415.5,5804.0,4178.8,230.0,,0.05409,124.6,24658.0,0.20114,68.8,87.3
2021-09-07 07:00:00+00:00,307.96,6280.0,327.73,2393.0,5690.8,3900.2,231.0,,0.05364,122.62,24376.0,0.1977,68.16,87.05
2021-09-08 07:00:00+00:00,313.29,6341.5,327.6,2394.5,5712.6,4076.6,232.0,,0.053785,122.1,24260.0,0.19984,67.44,86.9
2021-09-09 07:00:00+00:00,309.28,6269.5,324.57,2355.0,5735.0,4380.0,234.0,,0.05239,123.08,23980.0,0.19574,66.74,86.5
2021-09-10 07:00:00+00:00,309.83,6300.0,326.43,2323.5,5868.4,4683.8,230.5,,0.05195,123.38,24508.0,0.19748,66.98,86.26
2021-09-13 07:00:00+00:00,309.97,6420.5,332.75,2355.5,5939.2,4839.8,232.5,,0.05255,121.8,24492.0,0.19728,67.38,86.25
2021-09-14 07:00:00+00:00,310.22,6570.0,338.98,2314.0,5973.0,4764.2,231.5,,0.051495,120.14,24044.0,0.19696,66.98,86.08
2021-09-15 07:00:00+00:00,316.35,6724.5,343.34,2317.5,5892.0,4929.0,230.0,,0.05212,117.08,23978.0,0.19564,67.02,86.3
2021-09-16 07:00:00+00:00,309.8,6664.0,338.5,2339.0,5872.0,5295.0,225.0,,0.051635,98.82,23484.0,0.1962,66.64,86.53
2021-09-17 07:00:00+00:00,311.52,6600.5,334.5,2329.5,5828.4,5716.4,225.5,,0.0514,95.1,23256.0,0.19038,66.8,86.39
2021-09-20 07:00:00+00:00,308.3,6551.0,325.7,2291.0,5785.0,5481.0,214.5,,0.04998,89.36,22510.0,0.1882,66.16,85.21
2021-09-21 07:00:00+00:00,306.97,6605.0,335.3,2323.5,5771.8,5650.0,217.5,,0.050065,90.4,22662.0,0.19022,67.12,85.45
2021-09-22 07:00:00+00:00,310.01,6702.0,340.59,2316.0,5755.0,5639.2,215.5,,0.050815,96.6,23150.0,0.18998,67.28,85.68
2021-09-23 07:00:00+00:00,310.38,6801.0,343.47,2346.0,5885.0,5581.4,218.0,,0.050795,93.68,23096.0,0.19,67.1,85.39
2021-09-24 07:00:00+00:00,308.77,6825.0,344.29,2373.0,5850.4,5262.0,221.0,,0.050925,94.0,22856.0,0.18962,69.1,84.75
2021-09-27 07:00:00+00:00,313.5,6986.0,355.19,2354.5,5949.2,5180.2,225.0,,0.052345,94.0,22712.0,0.18948,70.4,84.29
2021-09-28 07:00:00+00:00,309.77,6968.0,354.07,2344.5,5788.0,5150.0,224.5,,0.050855,93.96,22324.0,0.18654,69.12,83.54
2021-09-29 07:00:00+00:00,309.44,6992.0,360.88,2370.0,5762.4,5060.0,222.0,,0.05096,93.5,22218.0,0.1877,69.9,84.44
2021-09-30 07:00:00+00:00,317.26,6903.5,360.8,2352.0,5804.6,4990.0,218.5,,0.05167,92.2,21830.0,0.18568,69.96,84.28
2021-10-01 07:00:00+00:00,316.08,6987.5,363.25,2336.0,5766.4,4876.0,217.0,,0.051485,97.6,22122.0,0.18632,70.0,83.95
2021-10-04 07:00:00+00:00,319.34,7134.5,376.06,2332.5,5504.0,4900.0,217.5,,0.05168,95.06,21636.0,0.18602,69.22,83.99
2021-10-05 07:00:00+00:00,333.23,7346.5,389.82,2346.0,5594.2,5000.0,215.5,,0.053835,96.84,21818.0,0.1898,69.86,84.18
2021-10-06 07:00:00+00:00,336.3,7096.0,381.3,2388.5,5694.2,4880.0,213.5,,0.05416,93.02,21524.0,0.18944,70.64,84.08
2021-10-07 07:00:00+00:00,339.39,7165.0,370.7,2426.0,5705.2,4934.6,217.5,,0.05428,94.3,22272.0,0.1919,71.06,85.5
2021-10-08 07:00:00+00:00,343.43,7220.0,366.17,2416.5,5701.6,4936.8,220.5,,0.054595,95.76,22766.0,0.19278,70.98,87.88
2021-10-11 07:00:00+00:00,356.0,7264.0,369.81,2423.5,5622.2,4880.4,224.0,,0.05619,95.8,22644.0,0.1945,70.36,89.99
2021-10-12 07:00:00+00:00,346.61,7306.0,364.1,2407.5,5549.0,4809.8,223.0,,0.05539,96.3,22528.0,0.194,70.7,87.3
2021-10-13 07:00:00+00:00,346.45,7252.0,362.77,2459.5,5553.8,4869.4,232.0,,0.05511,95.32,22718.0,0.19612,70.22,89.32
2021-10-14 07:00:00+00:00,345.3,7215.0,367.0,2430.5,5518.0,4949.0,229.5,,0.05537,94.64,22928.0,0.19752,70.08,88.5
2021-10-15 07:00:00+00:00,341.5,7306.5,367.76,2377.0,5427.2,4808.6,227.5,,0.0556,94.68,23108.0,0.19772,69.68,87.3
2021-10-18 07:00:00+00:00,333.03,7319.0,363.5,2349.0,5488.8,4805.0,232.0,,0.055765,94.04,23120.0,0.19614,69.76,86.84
2021-10-19 07:00:00+00:00,339.92,7373.0,368.83,2380.0,5480.0,4814.0,227.5,,0.0574,95.04,23672.0,0.19696,69.26,86.59
2021-10-20 07:00:00+00:00,338.4,7439.0,369.97,2385.0,5420.2,4800.0,223.5,,0.05661,94.44,23530.0,0.19626,68.58,86.21
2021-10-21 07:00:00+00:00,334.25,7232.0,363.37,2362.0,5390.0,4801.0,226.0,,0.05516,93.3,23210.0,0.19282,67.64,86.68
2021-10-22 07:00:00+00:00,333.0,7200.0,358.12,2388.5,5325.8,4800.2,226.0,,0.0544,93.08,22864.0,0.19318,67.9,86.75
2021-10-25 07:00:00+00:00,338.51,7441.5,364.84,2470.0,5383.0,4813.6,233.0,,0.05617,90.9,23024.0,0.1935,67.84,87.05
2021-10-26 07:00:00+00:00,337.87,7440.5,364.82,2443.0,5309.6,4820.0,238.5,,0.05597,88.36,22688.0,0.1898,67.52,87.03
2021-10-27 07:00:00+00:00,335.92,7323.5,362.17,2474.0,5573.8,4894.2,230.5,,0.05506,86.68,22250.0,0.1881,68.94,86.07
2021-10-28 07:00:00+00:00,329.6,7288.5,353.21,2423.5,5823.0,4860.0,227.5,,0.053765,85.98,22362.0,0.18788,68.18,85.21
2021-10-29 07:00:00+00:00,322.38,7272.5,350.18,2409.0,5879.2,4911.6,228.0,,0.05273,86.7,22170.0,0.1864,68.48,85.2
2021-11-01 07:00:00+00:00,332.99,7293.0,359.1,2422.5,5890.0,4942.0,230.5,,0.05354,88.44,22396.0,0.18758,67.98,86.05
2021-11-02 07:00:00+00:00,331.51,7214.0,352.48,2410.0,5942.4,4900.4,230.5,,0.05282,89.06,22134.0,0.18316,67.64,85.9
2021-11-03 07:00:00+00:00,335.02,7175.0,353.02,2420.0,6027.0,4915.0,226.0,,0.052885,88.42,22038.0,0.1824,67.92,87.0
2021-11-05 07:00:00+00:00,327.66,7199.0,350.6,2390.0,6120.0,4910.2,225.5,,0.052815,86.78,21664.0,0.18046,68.42,85.84
2021-11-08 07:00:00+00:00,325.52,7208.5,351.47,2417.0,6161.0,4890.0,227.0,,0.05237,86.5,21872.0,0.18166,68.8,85.84
2021-11-09 07:00:00+00:00,326.5,7188.0,349.46,2455.5,5990.4,4894.0,239.0,,0.05152,86.16,22188.0,0.18356,68.6,85.59
2021-11-10 07:00:00+00:00,318.58,7137.5,345.8,2442.5,5857.8,4851.4,249.5,,0.050025,86.32,21694.0,0.17982,67.84,84.83
2021-11-11 07:00:00+00:00,324.15,7094.5,347.44,2430.5,5966.6,4854.0,237.0,,0.05125,85.98,22050.0,0.18248,67.08,84.72
2021-11-12 07:00:00+00:00,316.7,6878.0,333.6,2401.0,5970.2,4885.0,232.0,,0.05029,84.6,22100.0,0.18138,65.98,84.39
2021-11-15 07:00:00+00:00,315.89,6918.5,340.3,2390.0,5928.4,4860.0,234.0,,0.05189,84.9,22358.0,0.18188,67.68,84.5
2021-11-16 07:00:00+00:00,310.58,6946.5,336.79,2362.5,5936.4,4830.0,229.5,,0.05104,83.22,22626.0,0.18142,67.1,84.09
2021-11-17 07:00:00+00:00,311.48,6884.5,349.98,2344.5,5931.6,4830.0,231.0,,0.051565,83.02,22532.0,0.18048,66.92,83.8
2021-11-18 07:00:00+00:00,309.1,6840.0,345.56,2291.0,5993.8,4724.0,233.0,,0.05255,83.0,22292.0,0.18022,67.14,84.02
2021-11-19 07:00:00+00:00,302.0,6709.0,337.62,2249.0,5968.8,4730.0,230.0,,0.050495,81.52,22140.0,0.179,66.04,83.78
2021-11-22 07:00:00+00:00,288.7,6575.5,319.2,2205.5,5450.0,4741.0,218.0,,0.048405,77.54,21850.0,0.17394,65.2,82.81
2021-11-23 07:00:00+00:00,303.95,6829.5,341.77,2195.0,5571.0,4630.0,220.0,,0.049875,79.24,22400.0,0.17578,64.72,83.0
2021-11-24 07:00:00+00:00,298.89,6814.5,338.3,2176.0,5542.2,4687.4,219.0,,0.04935,79.0,22182.0,0.17314,64.22,82.75
2021-11-25 07:00:00+00:00,296.2,6661.5,337.55,2180.0,5552.8,4704.8,221.5,,0.04879,85.2,22128.0,0.17336,64.7,82.5
2021-11-26 07:00:00+00:00,286.0,6374.0,326.0,2088.0,5380.0,4704.4,212.5,,0.04658,80.0,21560.0,0.16732,60.98,81.52
2021-11-29 07:00:00+00:00,294.95,6616.0,339.2,2060.0,5407.0,4775.0,211.0,,0.047375,79.56,21686.0,0.16686,61.1,81.94
2021-11-30 07:00:00+00:00,291.82,6513.0,334.24,2073.0,5359.4,4740.0,206.0,,0.047195,75.5,21538.0,0.1659,60.32,80.24
2021-12-01 07:00:00+00:00,296.3,6576.5,345.21,2116.0,5330.8,4903.0,216.0,,0.04758,77.4,21952.0,0.1667,62.0,82.1
2021-12-02 07:00:00+00:00,297.87,6732.0,350.3,2131.0,5255.0,5367.8,212.5,,0.04893,75.76,22110.0,0.17134,62.84,81.39
2021-12-03 07:00:00+00:00,295.51,6639.5,345.99,2085.0,5100.6,5110.0,210.5,,0.04861,76.12,21826.0,0.16994,62.26,80.71
2021-12-06 07:00:00+00:00,287.1,6650.0,338.94,2082.5,5068.0,5095.0,210.5,,0.04801,75.1,21886.0,0.16886,61.08,80.16
2021-12-07 07:00:00+00:00,288.4,6720.5,344.96,2091.5,4992.0,5100.0,212.5,,0.04838,75.2,21920.0,0.16602,62.4,79.36
2021-12-08 07:00:00+00:00,280.69,6574.5,340.5,2101.5,4932.2,5099.0,219.5,,0.047255,73.9,21888.0,0.1657,61.64,78.6
2021-12-09 07:00:00+00:00,280.51,6619.0,336.6,2133.5,4853.6,5100.0,222.5,,0.046915,74.14,22006.0,0.16618,61.04,79.55
2021-12-10 07:00:00+00:00,279.43,6619.5,332.0,2098.0,4664.0,5083.8,220.5,,0.045935,74.96,21888.0,0.16702,60.2,78.9
2021-12-13 07:00:00+00:00,266.46,6376.0,307.26,2037.5,4560.0,5040.0,217.0,,0.04293,72.24,20850.0,0.16206,60.02,75.07
2021-12-14 07:00:00+00:00,269.87,6592.0,319.35,2057.0,4586.4,5000.0,217.0,,0.04444,70.3,20958.0,0.16002,59.5,74.01
2021-12-15 07:00:00+00:00,271.27,6595.0,324.09,2082.0,4511.6,5030.0,216.5,,0.044795,73.14,21296.0,0.16002,59.36,72.78
2021-12-16 07:00:00+00:00,278.41,6729.0,328.39,2011.0,4609.6,5040.8,219.5,,0.04624,76.38,21310.0,0.16196,60.16,73.62
2021-12-17 07:00:00+00:00,278.82,6670.0,327.3,2031.0,4630.2,4910.2,218.5,,0.046905,75.1,21738.0,0.16404,60.04,72.6
2021-12-20 07:00:00+00:00,274.09,6328.5,325.9,1972.5,4474.8,4949.8,216.5,,0.046365,73.14,21644.0,0.16536,59.02,78.4
2021-12-21 07:00:00+00:00,275.9,6348.5,339.88,1970.0,4578.8,4990.0,216.5,,0.04734,73.44,21662.0,0.16782,59.68,76.04
2021-12-22 07:00:00+00:00,276.36,6349.5,345.55,1989.0,4488.4,4856.2,217.0,,0.047575,72.38,21834.0,0.16542,59.18,73.5
2021-12-23 07:00:00+00:00,276.02,6304.5,339.81,1930.0,4410.6,4808.0,218.0,,0.0472,72.48,21872.0,0.16458,59.2,76.26
2021-12-24 07:00:00+00:00,275.96,6313.5,338.79,1946.0,4424.8,4760.2,218.0,,0.04709,71.42,21824.0,0.16596,58.96,77.1
2021-12-27 07:00:00+00:00,278.61,6397.5,343.97,1947.0,4467.8,4800.0,217.5,,0.04773,72.24,22528.0,0.16596,59.08,75.05
2021-12-28 07:00:00+00:00,278.9,6478.0,343.23,1926.0,4482.0,4789.8,216.0,,0.048395,72.0,22642.0,0.1638,58.92,75.45
2021-12-29 07:00:00+00:00,277.45,6516.0,340.33,1924.0,4418.8,4811.0,215.0,,0.04843,72.18,22628.0,0.16178,58.98,77.0
2021-12-30 07:00:00+00:00,279.0,6573.0,342.39,1959.5,4569.4,4850.0,215.0,,0.048195,72.56,22900.0,0.16268,59.16,73.21
2022-01-03 07:00:00+00:00,289.74,6683.0,353.73,1994.0,4515.2,5000.0,219.0,,0.04945,76.8,23378.0,0.16664,60.7,76.2
2022-01-04 07:00:00+00:00,289.01,6728.0,352.55,2019.0,4479.8,4910.0,220.0,,0.0497,86.0,23314.0,0.17204,63.3,76.18
2022-01-05 07:00:00+00:00,274.8,6522.0,335.0,1966.5,4275.0,4913.0,218.0,,0.04736,80.78,23010.0,0.16852,60.98,76.4
2022-01-06 07:00:00+00:00,279.05,6699.0,346.13,1991.5,4226.6,4901.0,218.5,,0.048445,80.82,23280.0,0.16718,62.96,76.92
2022-01-10 07:00:00+00:00,277.8,6775.0,344.0,2010.0,4196.4,4900.0,219.0,,0.04895,81.6,23508.0,0.16706,63.02,75.59
2022-01-11 07:00:00+00:00,278.15,6816.0,343.74,2001.5,4338.2,4892.0,218.0,,0.05026,79.6,23734.0,0.16738,63.2,76.26
2022-01-12 07:00:00+00:00,276.0,6960.0,347.43,2011.5,4393.2,4900.0,220.5,,0.05011,80.8,24040.0,0.16998,62.44,77.0
2022-01-13 07:00:00+00:00,263.95,6665.0,337.6,1923.5,4168.0,4875.2,218.5,,0.047075,77.52,22836.0,0.16556,60.16,75.6
2022-01-14 07:00:00+00:00,252.64,6659.0,335.76,1885.0,3938.6,4869.2,215.0,,0.04641,76.4,22648.0,0.16212,59.86,73.08
2022-01-17 07:00:00+00:00,250.65,6516.0,327.81,1859.5,4075.6,4884.0,215.5,,0.0465,74.5,21820.0,0.16194,58.98,72.72
2022-01-18 07:00:00+00:00,228.61,6250.0,301.11,1759.5,3769.0,4749.8,204.0,,0.043635,71.56,20694.0,0.15448,55.46,70.07
2022-01-19 07:00:00+00:00,238.5,6494.0,318.36,1770.0,3701.8,4681.0,209.0,,0.045275,75.58,22024.0,0.1548,56.62,72.0
2022-01-20 07:00:00+00:00,244.0,6430.0,310.42,1756.5,3669.2,4801.0,214.5,,0.045415,76.28,22300.0,0.15554,57.2,72.46
2022-01-21 07:00:00+00:00,239.12,6420.0,311.6,1758.0,3490.0,4687.0,214.5,,0.043935,77.32,22100.0,0.15138,56.56,71.3
2022-01-24 07:00:00+00:00,230.63,6293.0,294.59,1683.5,3345.0,4168.8,210.0,,0.04118,72.52,21250.0,0.14354,52.22,68.87
2022-01-25 07:00:00+00:00,231.6,6543.0,302.96,1620.5,3409.2,4650.0,213.0,,0.042535,73.0,21466.0,0.14496,52.4,72.42
2022-01-26 07:00:00+00:00,230.14,6525.5,299.6,1650.0,3364.8,4551.2,212.5,,0.04129,74.5,21788.0,0.14046,52.64,69.81
2022-01-27 07:00:00+00:00,243.53,6811.5,325.25,1739.5,3405.2,4531.0,214.0,,0.0431,75.38,22066.0,0.1459,55.02,70.51
2022-01-28 07:00:00+00:00,246.9,6775.0,329.58,1715.5,3448.4,4487.0,213.5,,0.043395,75.6,22082.0,0.144,55.54,71.9
2022-01-31 07:00:00+00:00,255.53,6878.0,334.8,1745.0,3717.6,4502.8,209.5,,0.04378,75.26,21916.0,0.1444,57.32,72.24
2022-02-01 07:00:00+00:00,252.6,6976.0,330.95,1745.0,3724.0,4326.0,212.0,,0.042695,75.42,21948.0,0.1448,57.12,72.39
2022-02-02 07:00:00+00:00,249.12,7040.0,331.7,1742.0,3675.0,4445.0,211.0,,0.0424,75.7,21670.0,0.1423,57.2,70.51
2022-02-03 07:00:00+00:00,239.9,6865.5,323.75,1636.0,3517.0,4401.5,210.0,,0.041245,75.0,21392.0,0.14002,55.7,70.3
2022-02-04 07:00:00+00:00,245.0,7010.0,324.6,1655.5,3502.4,4504.0,210.5,,0.04125,76.9,21400.0,0.1403,56.18,68.92
2022-02-07 07:00:00+00:00,245.58,6988.0,321.25,1646.0,3468.0,4450.0,213.5,,0.0411,81.78,21580.0,0.13854,56.18,69.6
2022-02-08 07:00:00+00:00,255.68,6957.5,331.7,1714.0,3624.2,4496.5,217.5,,0.042205,81.72,22372.0,0.13934,57.18,70.5
2022-02-09 07:00:00+00:00,265.21,6973.5,335.08,1764.0,3763.0,4650.0,214.0,,0.04274,81.72,22674.0,0.14828,59.2,70.25
2022-02-10 07:00:00+00:00,261.0,6984.5,328.93,1781.5,3805.0,4786.0,214.5,,0.0419,85.34,22454.0,0.144,59.76,69.8
2022-02-11 07:00:00+00:00,250.86,6707.5,318.1,1695.0,3429.8,4693.5,212.5,,0.0405,82.26,21688.0,0.13794,58.3,68.8
2022-02-14 07:00:00+00:00,245.1,6796.0,321.85,1727.0,3471.4,4515.0,212.5,,0.040285,79.98,22082.0,0.13558,57.3,67.74
2022-02-15 07:00:00+00:00,258.88,6979.0,333.6,1795.0,3953.2,4557.0,214.0,,0.041885,81.32,22324.0,0.139,59.42,67.15
2022-02-16 07:00:00+00:00,262.49,6970.0,336.5,1873.5,4044.8,4550.5,215.0,,0.042925,82.54,22304.0,0.1412,60.42,68.52
2022-02-17 07:00:00+00:00,250.08,6733.0,323.51,1836.5,3772.6,4355.0,215.0,,0.041185,80.7,21774.0,0.13708,58.08,67.6
2022-02-18 07:00:00+00:00,240.0,6456.5,309.48,1773.5,3475.4,4419.0,210.5,,0.03929,77.0,21450.0,0.13274,55.7,66.1
2022-02-21 07:00:00+00:00,195.01,5810.0,257.3,1549.5,3065.8,4200.0,200.0,,0.03212,71.0,19252.0,0.11192,46.6,60.77
2022-02-22 07:00:00+00:00,204.3,6020.0,283.51,1720.0,3154.8,3880.0,211.0,,0.034215,73.84,21150.0,0.11754,49.52,58.61
2022-02-24 07:00:00+00:00,132.0,4650.0,210.0,1271.0,1990.0,2336.0,190.5,,0.0201,51.96,18200.0,0.08524,35.7,39.31
2022-02-25 07:00:00+00:00,131.3,4915.0,228.0,1179.0,1931.2,2597.5,194.5,,0.02011,60.54,19052.0,0.09308,36.74,45.37
2022-03-24 07:00:00+00:00,135.4,5525.0,258.51,1179.0,1931.2,2597.5,194.5,,0.019,60.54,20990.0,0.1098,30.7,45.37
2022-03-25 07:00:00+00:00,131.0,5206.0,227.0,1179.0,1931.2,2597.5,194.5,,0.0175,60.54,21070.0,0.10506,25.1,45.37
2022-03-28 07:00:00+00:00,126.94,5118.0,218.6,1179.0,1931.2,1930.0,184.5,,0.01685,55.0,20850.0,0.0975,25.86,38.34
2022-03-29 07:00:00+00:00,130.8,4922.0,208.0,1130.0,2020.0,2150.0,186.0,,0.0165,53.1,20028.0,0.0925,30.1,39.6
2022-03-30 07:00:00+00:00,135.5,5140.0,216.0,1274.5,2154.0,2436.0,198.5,,0.017155,60.52,20462.0,0.10356,37.54,43.19
2022-03-31 07:00:00+00:00,145.9,5680.0,242.48,1440.5,2259.0,3179.5,200.0,,0.0198,67.5,20974.0,0.11214,37.74,52.91
2022-04-01 07:00:00+00:00,159.0,5601.0,251.4,1451.0,2325.0,3149.5,202.0,,0.0225,69.58,21500.0,0.11458,38.8,58.57
2022-04-04 07:00:00+00:00,173.45,5557.0,252.9,1414.5,2285.0,2960.0,202.5,,0.0251,69.08,21750.0,0.1134,40.9,57.35
2022-04-05 07:00:00+00:00,159.99,5314.0,243.5,1300.0,2158.4,2760.0,198.0,,0.02308,64.66,20986.0,0.10868,37.76,54.0
2022-04-06 07:00:00+00:00,149.79,5266.0,239.7,1325.0,2070.8,2680.0,192.5,,0.02195,68.3,21150.0,0.109,37.18,52.78
2022-04-07 07:00:00+00:00,152.7,5280.0,245.0,1275.5,2130.0,2715.5,192.5,,0.02281,67.42,21050.0,0.1093,37.58,51.95
2022-04-08 07:00:00+00:00,148.99,5226.5,241.07,1257.0,2115.0,2660.5,195.5,,0.02236,69.0,21112.0,0.10704,36.94,51.03
2022-04-11 07:00:00+00:00,143.58,5190.0,234.55,1234.0,2097.0,2600.0,193.5,,0.0215,66.6,21006.0,0.10464,35.46,52.01
2022-04-12 07:00:00+00:00,139.5,5145.0,236.3,1187.0,2074.0,2412.0,191.0,,0.02111,66.2,20990.0,0.10446,34.06,52.04
2022-04-13 07:00:00+00:00,139.99,5106.0,234.87,1148.0,2088.0,2414.0,191.0,,0.021135,65.46,20794.0,0.1031,33.86,51.62
2022-04-14 07:00:00+00:00,133.0,4879.5,222.11,1094.0,1945.2,2250.0,189.0,,0.019935,64.64,20004.0,0.09974,32.74,50.02
2022-04-15 07:00:00+00:00,132.9,4893.0,224.0,1125.0,1979.6,2315.5,188.5,,0.020125,64.72,20240.0,0.0999,32.96,48.65
2022-04-18 07:00:00+00:00,128.55,4549.0,216.99,1132.0,1880.2,2202.0,188.5,,0.019025,63.68,19886.0,0.09834,31.32,48.86
2022-04-19 07:00:00+00:00,125.5,4485.0,220.72,1094.5,1857.6,2120.5,186.0,,0.018695,60.1,19676.0,0.0962,30.52,46.32
2022-04-20 07:00:00+00:00,125.05,4310.0,218.92,1135.0,1789.8,2232.0,184.0,,0.019295,60.06,20590.0,0.09602,32.5,45.2
2022-04-21 07:00:00+00:00,123.12,3974.0,210.29,1153.0,1646.0,2793.0,186.0,,0.01898,60.02,20454.0,0.09492,31.12,45.12
2022-04-22 07:00:00+00:00,123.27,3828.0,208.0,1107.5,1692.0,2400.0,185.0,,0.01881,60.0,19700.0,0.09448,30.62,44.23
2022-04-25 07:00:00+00:00,118.51,3931.0,206.35,1007.5,1520.8,2428.0,182.0,,0.018155,58.0,19900.0,0.0931,29.02,42.31
2022-04-26 07:00:00+00:00,125.45,4292.0,225.85,1015.5,1600.8,2499.5,183.5,,0.019125,58.1,20994.0,0.09646,30.18,43.56
2022-04-27 07:00:00+00:00,134.0,4550.0,237.15,1119.5,1748.6,2560.0,186.5,,0.0199,59.8,21272.0,0.09924,32.4,44.7
2022-04-28 07:00:00+00:00,126.5,4381.0,237.53,1085.5,1721.0,2515.0,184.5,,0.019115,58.52,21000.0,0.09736,30.8,44.5
2022-04-29 07:00:00+00:00,130.4,4699.5,240.4,1096.5,1766.6,2636.0,180.5,,0.020095,59.38,21550.0,0.10024,31.14,44.75
2022-05-04 07:00:00+00:00,124.8,4552.0,234.16,1061.0,1699.0,2538.5,179.5,,0.01959,58.8,21352.0,0.09908,31.2,43.8
2022-05-05 07:00:00+00:00,125.47,4675.0,238.6,1051.0,1734.4,2482.0,179.0,,0.019795,58.78,21544.0,0.0998,30.7,42.71
2022-05-06 07:00:00+00:00,124.2,4635.5,240.1,1030.0,1688.0,2424.5,179.0,,0.01948,58.22,21766.0,0.09966,30.1,41.28
2022-05-11 07:00:00+00:00,121.11,4600.0,241.99,1000.0,1677.4,2493.0,179.5,,0.019305,58.0,21330.0,0.09964,29.92,41.3
2022-05-12 07:00:00+00:00,116.6,4362.5,230.56,960.5,1594.0,2343.0,178.0,,0.018555,56.18,21238.0,0.09842,29.32,40.47
2022-05-13 07:00:00+00:00,116.7,4380.0,235.52,964.0,1593.0,2406.5,177.0,,0.01865,57.68,21200.0,0.09898,29.26,40.39
2022-05-16 07:00:00+00:00,119.84,4523.5,244.2,1024.0,1638.2,2393.0,182.0,,0.01898,58.26,21364.0,0.10174,29.52,40.99
2022-05-17 07:00:00+00:00,123.8,4500.0,258.8,1057.5,1701.0,2380.0,181.5,,0.01933,58.6,21348.0,0.1069,30.36,42.0
2022-05-18 07:00:00+00:00,122.33,4483.5,264.84,1086.5,1715.8,2424.5,180.0,,0.0192,62.08,21416.0,0.10544,30.06,42.02
2022-05-19 07:00:00+00:00,122.81,4415.5,266.68,1049.5,1705.0,2368.0,180.0,,0.01917,61.0,21300.0,0.10482,29.56,43.75
2022-05-20 07:00:00+00:00,119.94,4279.0,263.0,994.0,1646.0,2310.0,179.5,,0.018875,58.86,20700.0,0.10252,29.32,43.23
2022-05-23 07:00:00+00:00,117.05,4050.0,263.0,951.0,1592.8,2333.0,177.0,,0.01857,56.5,19800.0,0.10004,28.4,41.2
2022-05-24 07:00:00+00:00,118.74,3942.0,265.8,908.5,1590.0,2343.5,174.0,,0.018705,56.06,20010.0,0.10306,28.6,40.41
2022-05-25 07:00:00+00:00,115.99,4148.0,271.4,949.0,1608.0,2380.0,173.5,,0.01881,55.7,20080.0,0.10272,28.5,40.68
2022-05-26 07:00:00+00:00,113.75,4263.0,295.89,948.0,1670.0,2360.0,173.0,,0.0188,56.2,20198.0,0.10676,29.4,40.95
2022-05-27 07:00:00+00:00,111.58,4290.0,294.5,933.0,1644.0,2368.0,175.5,,0.0186,56.2,20162.0,0.11214,28.54,40.47
2022-05-30 07:00:00+00:00,111.84,4220.0,300.8,910.0,1597.6,2328.0,175.5,,0.0183,55.8,20132.0,0.09998,28.58,39.31
2022-05-31 07:00:00+00:00,111.61,4061.5,293.75,904.0,1567.8,2220.0,174.5,,0.01831,54.0,20190.0,0.0951,28.0,39.0
2022-06-01 07:00:00+00:00,113.19,4074.0,297.69,916.0,1586.0,2205.0,177.5,,0.018495,53.9,20416.0,0.09406,27.94,39.1
2022-06-02 07:00:00+00:00,112.11,4035.0,296.0,905.0,1592.0,2147.5,175.0,,0.017935,52.64,20154.0,0.09116,26.98,38.67
2022-06-03 07:00:00+00:00,112.02,3980.5,297.0,846.5,1497.0,2056.5,173.5,,0.01755,51.74,20314.0,0.08864,26.74,38.04
2022-06-04 07:00:00+00:00,110.77,4002.5,296.53,846.5,1493.8,2056.5,173.5,,0.01755,51.74,20862.0,0.08864,26.74,38.04
2022-06-05 07:00:00+00:00,112.84,4021.5,297.33,846.5,1496.8,2056.5,173.5,,0.01755,51.74,20652.0,0.08864,26.74,38.04
2022-06-06 07:00:00+00:00,113.7,3940.0,296.5,784.0,1399.8,2191.0,175.0,,0.017415,51.7,20294.0,0.08512,25.92,37.79
2022-06-07 07:00:00+00:00,113.0,3959.5,297.99,836.5,1438.0,2355.0,174.5,,0.01721,52.02,20200.0,0.08604,27.2,37.69
2022-06-08 07:00:00+00:00,115.14,3945.5,308.0,892.0,1456.2,2264.5,174.0,,0.01734,51.88,20134.0,0.08412,27.14,37.64
2022-06-09 07:00:00+00:00,113.94,3876.0,306.5,853.0,1401.4,2380.0,173.0,,0.01703,50.22,20310.0,0.08436,26.36,37.69
2022-06-10 07:00:00+00:00,114.1,3898.0,309.2,806.0,1400.8,2300.0,173.0,,0.017,51.0,19490.0,0.0842,26.3,37.0
2022-06-11 07:00:00+00:00,113.74,3871.0,311.22,807.0,1410.2,2300.0,173.0,,0.017,51.0,19490.0,0.0842,26.3,37.0
2022-06-12 07:00:00+00:00,113.8,3897.5,311.74,808.5,1408.6,2300.0,173.0,,0.017,51.0,19490.0,0.0842,26.3,37.0
2022-06-13 07:00:00+00:00,112.07,3855.5,307.17,805.0,1383.6,2300.0,173.0,,0.017,51.0,19490.0,0.0842,26.3,37.0
2022-06-14 07:00:00+00:00,114.49,3891.5,317.69,803.5,1386.0,2287.0,172.0,,0.017495,49.78,19102.0,0.08768,25.96,36.45
2022-06-15 07:00:00+00:00,116.51,4115.0,316.2,809.0,1390.0,2298.5,172.5,,0.0176,51.04,19040.0,0.0896,25.94,36.74
2022-06-16 07:00:00+00:00,117.39,4261.5,316.99,824.0,1456.2,2302.0,175.0,,0.017795,52.76,19370.0,0.09166,26.86,37.22
2022-06-17 07:00:00+00:00,118.4,4182.0,315.5,826.0,1465.0,2318.0,176.0,,0.0179,53.3,19194.0,0.09124,27.52,37.31
2022-06-18 07:00:00+00:00,117.84,4211.0,316.05,827.0,1479.4,2318.0,176.0,,0.0179,53.3,19194.0,0.09124,27.52,37.31
2022-06-19 07:00:00+00:00,119.39,4222.5,316.59,830.5,1469.8,2318.0,176.0,,0.0179,53.3,19194.0,0.09124,27.52,37.31
2022-06-20 07:00:00+00:00,124.84,4209.5,311.98,837.5,1560.8,2352.0,178.0,,0.01874,54.86,19180.0,0.0941,28.14,39.5
2022-06-21 07:00:00+00:00,123.3,4045.0,301.58,831.0,1533.8,2440.0,171.5,,0.018205,54.02,18820.0,0.09188,26.88,38.05
2022-06-22 07:00:00+00:00,127.8,4139.0,295.8,812.0,1600.0,2417.0,170.0,,0.01851,57.3,18940.0,0.09048,26.76,37.49
2022-06-23 07:00:00+00:00,130.5,4150.0,303.5,842.0,1662.0,2516.0,171.0,,0.018585,58.1,19100.0,0.08998,26.92,37.9
2022-06-24 07:00:00+00:00,130.18,4100.0,296.0,898.0,1645.0,2690.0,170.0,,0.0186,57.78,18934.0,0.09122,26.82,39.08
2022-06-25 07:00:00+00:00,131.55,4133.0,297.48,900.0,1644.2,2690.0,170.0,,0.0186,57.78,18934.0,0.09122,26.82,39.08
2022-06-26 07:00:00+00:00,130.72,4084.5,296.69,909.0,1652.8,2690.0,170.0,,0.0186,57.78,18934.0,0.09122,26.82,39.08
2022-06-27 07:00:00+00:00,134.2,4100.0,296.2,967.5,1779.0,2842.0,183.0,,0.0191,57.02,18586.0,0.0936,27.9,43.17
2022-06-28 07:00:00+00:00,133.36,3989.5,297.2,983.5,1750.0,2814.0,181.0,,0.0193,56.64,18252.0,0.09258,28.78,41.8
2022-06-29 07:00:00+00:00,127.99,4015.0,297.65,1019.0,1712.0,2617.0,177.0,,0.018705,57.46,17652.0,0.09542,27.8,40.35
2022-06-30 07:00:00+00:00,121.21,3905.0,207.0,981.0,1603.8,2655.0,172.0,,0.01778,55.72,17400.0,0.09026,26.68,38.78
2022-07-01 07:00:00+00:00,126.5,3944.0,192.5,975.0,1596.0,2798.0,173.0,,0.017505,59.64,17100.0,0.09282,26.74,42.1
2022-07-02 07:00:00+00:00,126.92,3944.0,193.94,974.5,1587.8,2798.0,173.0,,0.017505,59.64,17100.0,0.09282,26.74,42.1
2022-07-03 07:00:00+00:00,126.89,3965.0,192.54,974.5,1593.8,2798.0,173.0,,0.017505,59.64,17100.0,0.09282,26.74,42.1
2022-07-04 07:00:00+00:00,127.0,3949.5,186.25,1029.0,1660.0,2739.5,172.0,,0.01855,62.02,17024.0,0.09202,27.12,40.49
2022-07-05 07:00:00+00:00,127.79,4015.0,197.3,1054.5,1701.4,2721.0,173.0,,0.018785,59.36,16700.0,0.09058,28.26,40.1
2022-07-06 07:00:00+00:00,127.0,3962.0,195.42,1095.0,1655.0,2714.0,172.5,,0.01872,58.7,16452.0,0.08988,27.34,39.7
2022-07-07 07:00:00+00:00,126.2,3956.0,197.92,1149.5,1711.0,2650.0,172.0,,0.018735,59.42,16550.0,0.0905,27.78,39.3
2022-07-08 07:00:00+00:00,126.5,3911.0,198.0,1147.5,1704.0,2695.0,177.5,,0.01883,61.02,16720.0,0.08964,27.6,39.3
2022-07-09 07:00:00+00:00,126.65,3941.5,199.29,1154.0,1724.0,2695.0,177.5,,0.01883,61.02,16838.0,0.08964,27.92,39.3
2022-07-10 07:00:00+00:00,125.71,3920.5,199.44,1162.0,1698.4,2695.0,177.5,,0.01883,61.02,16912.0,0.08964,27.62,39.3
2022-07-11 07:00:00+00:00,121.99,3848.5,188.9,1138.0,1678.0,2571.0,176.0,,0.018325,60.56,16270.0,0.0879,27.7,37.9
2022-07-12 07:00:00+00:00,122.67,3752.0,191.4,1108.0,1660.6,2520.5,177.0,,0.018165,68.52,15922.0,0.08776,27.3,37.85
2022-07-13 07:00:00+00:00,120.36,3645.5,186.0,1124.5,1600.0,2572.0,173.0,,0.017885,67.0,15200.0,0.0859,26.68,36.6
2022-07-14 07:00:00+00:00,120.49,3608.0,184.55,1119.5,1613.6,2645.0,173.0,,0.01775,70.5,15302.0,0.0877,26.86,35.25
2022-07-15 07:00:00+00:00,122.96,3709.0,187.61,1137.0,1638.6,2677.0,173.0,,0.017985,71.12,15600.0,0.0886,27.06,35.14
2022-07-16 07:00:00+00:00,122.59,3710.5,187.93,1129.0,1642.6,2677.0,173.0,,0.017985,71.12,15622.0,0.0886,27.1,35.14
2022-07-17 07:00:00+00:00,122.5,3674.0,187.41,1136.0,1646.6,2677.0,173.0,,0.017985,71.12,15536.0,0.0886,27.08,35.14
2022-07-18 07:00:00+00:00,122.39,3645.0,186.7,1208.5,1696.0,2764.5,174.0,,0.01808,70.38,15282.0,0.1017,27.08,35.64
2022-07-19 07:00:00+00:00,121.39,3600.0,189.51,1246.0,1672.4,2723.0,169.5,,0.018405,75.88,14914.0,0.09754,26.68,35.3
2022-07-20 07:00:00+00:00,120.28,3580.0,193.3,1260.0,1715.4,2762.0,170.5,,0.01823,76.66,15050.0,0.10118,26.6,35.46
2022-07-21 07:00:00+00:00,119.5,3539.5,189.59,1235.5,1701.0,2882.0,171.5,,0.01818,77.48,14800.0,0.09758,27.58,35.07
2022-07-22 07:00:00+00:00,122.98,3688.0,192.25,1282.5,1800.0,2835.5,171.0,,0.01839,75.8,14730.0,0.0971,27.3,35.66
2022-07-23 07:00:00+00:00,123.04,3677.5,191.44,1286.0,1821.6,2847.5,171.0,,0.01839,75.8,14720.0,0.0971,27.32,35.66
2022-07-24 07:00:00+00:00,123.84,3698.0,192.24,1280.5,1837.0,2893.0,171.0,,0.01839,75.8,14868.0,0.0971,27.5,35.66
2022-07-25 07:00:00+00:00,125.0,3669.0,192.0,1389.0,1973.0,2950.0,173.0,,0.01851,74.72,14794.0,0.0965,27.82,35.55
2022-07-26 07:00:00+00:00,126.29,3825.0,193.95,1333.5,2136.0,2886.5,172.0,,0.01863,76.48,15850.0,0.09772,27.94,35.97
2022-07-27 07:00:00+00:00,126.0,3847.5,196.49,1313.0,2072.0,2861.0,172.5,,0.01845,76.58,15640.0,0.09688,27.76,35.93
2022-07-28 07:00:00+00:00,125.27,3831.0,196.25,1334.0,2063.0,2830.0,173.5,,0.0185,76.0,15500.0,0.09664,27.7,35.72
2022-07-29 07:00:00+00:00,125.55,3877.0,195.26,1345.0,1952.0,2856.5,175.0,,0.018585,75.78,16150.0,0.0951,27.7,35.86
2022-07-30 07:00:00+00:00,124.56,3847.0,195.18,1327.0,1934.2,2858.0,175.0,,0.018585,75.78,16150.0,0.0951,27.66,35.86
2022-07-31 07:00:00+00:00,124.2,3843.5,194.74,1329.5,1939.0,2853.0,175.0,,0.018585,75.78,16244.0,0.0951,27.7,35.86
2022-08-01 07:00:00+00:00,122.06,3931.0,192.0,1343.0,1926.2,2782.0,173.0,,0.018155,74.84,15590.0,0.0935,27.44,36.08
2022-08-02 07:00:00+00:00,122.0,3823.0,187.16,1318.0,1891.2,2700.0,172.0,,0.01801,73.14,15140.0,0.09178,26.92,35.95
2022-08-03 07:00:00+00:00,121.27,3799.0,187.04,1306.0,1956.0,2711.5,171.0,,0.0178,71.0,14754.0,0.09688,26.96,35.7
2022-08-04 07:00:00+00:00,121.37,3720.0,184.9,1251.5,2000.0,2740.0,171.0,,0.017945,72.76,14710.0,0.09302,26.62,35.89
2022-08-05 07:00:00+00:00,117.0,3679.5,176.58,1176.0,1837.0,2650.0,173.0,,0.01762,71.66,14394.0,0.09046,26.16,34.81
2022-08-06 07:00:00+00:00,119.79,3776.0,179.7,1225.0,1847.4,2691.0,173.0,,0.01762,71.66,14666.0,0.09046,26.42,34.81
2022-08-07 07:00:00+00:00,119.55,3767.0,180.19,1228.0,1855.4,2711.5,173.0,,0.01762,71.66,14606.0,0.09046,26.54,34.81
2022-08-08 07:00:00+00:00,118.91,3720.0,177.86,1232.0,1933.0,2813.5,172.0,,0.017655,73.62,14458.0,0.09052,26.84,35.15
2022-08-09 07:00:00+00:00,120.05,3895.0,181.04,1255.0,1944.4,2789.0,173.5,,0.01792,75.0,15150.0,0.09022,27.0,35.62
2022-08-10 07:00:00+00:00,119.78,3890.0,178.81,1292.5,1971.8,2780.0,173.5,,0.01807,75.24,14970.0,0.09026,27.06,36.26
2022-08-11 07:00:00+00:00,118.0,3925.0,174.1,1272.5,1915.6,2754.0,177.5,,0.01785,75.2,14908.0,0.0902,27.0,38.02
2022-08-12 07:00:00+00:00,119.09,3940.5,174.36,1288.0,1903.0,2777.0,196.5,,0.017955,75.12,14826.0,0.09018,27.14,38.51
2022-08-13 07:00:00+00:00,118.75,3946.0,174.96,1289.0,1909.2,2782.5,196.5,,0.017955,75.12,14906.0,0.09018,27.08,38.51
2022-08-14 07:00:00+00:00,118.41,3949.0,174.55,1290.0,1912.0,2787.0,196.5,,0.017955,75.12,14894.0,0.09018,27.24,38.51
2022-08-15 07:00:00+00:00,119.13,3959.0,174.8,1334.0,1904.0,2800.0,215.0,,0.018,75.68,15142.0,0.0904,27.22,38.38
2022-08-16 07:00:00+00:00,120.6,4018.0,181.3,1365.0,1935.0,2820.0,216.5,,0.018065,76.48,15444.0,0.09042,27.08,39.4
2022-08-17 07:00:00+00:00,119.95,3907.0,176.5,1350.0,1958.0,2817.5,211.0,,0.01818,76.58,15370.0,0.0901,27.02,39.31
2022-08-18 07:00:00+00:00,121.73,3920.0,178.87,1328.0,1966.0,2855.0,202.0,,0.01814,80.68,15160.0,0.08998,27.0,38.24
2022-08-19 07:00:00+00:00,120.65,3972.0,177.6,1300.0,1936.6,2842.0,198.0,,0.018,78.46,15330.0,0.08936,26.88,37.53
2022-08-20 07:00:00+00:00,119.63,3983.0,177.02,1304.5,1920.8,2852.5,198.0,,0.018,78.32,15330.0,0.08936,26.88,37.53
2022-08-21 07:00:00+00:00,119.77,3953.5,177.58,1304.5,1940.8,2857.5,198.0,,0.018,78.82,15262.0,0.08936,26.96,37.53
2022-08-22 07:00:00+00:00,121.39,4017.0,181.7,1313.0,2006.0,2874.5,204.0,,0.01804,79.9,15430.0,0.08918,27.0,38.24
2022-08-23 07:00:00+00:00,125.39,4098.0,184.3,1367.0,2082.2,2894.0,203.0,,0.01833,79.68,15592.0,0.08922,27.18,39.4
2022-08-24 07:00:00+00:00,123.17,4117.0,182.83,1355.5,2085.2,2878.5,200.0,,0.018275,80.1,15458.0,0.0892,27.4,39.05
2022-08-25 07:00:00+00:00,123.4,4055.0,181.9,1398.5,2118.8,2945.0,201.0,,0.018145,81.4,15384.0,0.0892,27.18,39.29
2022-08-26 07:00:00+00:00,124.98,4115.0,183.62,1422.0,2100.0,2935.0,218.5,,0.01824,83.82,15392.0,0.0892,28.24,39.1
2022-08-27 07:00:00+00:00,124.68,4130.5,183.83,1430.0,2099.2,2965.0,218.5,,0.01824,84.2,15428.0,0.0892,28.5,39.1
2022-08-28 07:00:00+00:00,124.95,4144.5,184.07,1435.5,2083.0,2971.5,218.5,,0.01824,84.46,15368.0,0.0892,28.42,39.1
2022-08-29 07:00:00+00:00,125.2,4186.0,190.0,1431.0,2105.0,3043.5,215.5,,0.01865,87.68,15594.0,0.08914,29.4,39.25
2022-08-30 07:00:00+00:00,124.6,4140.0,204.0,1380.0,2190.0,2969.0,212.5,,0.018795,91.4,15650.0,0.0899,28.74,40.5
2022-08-31 07:00:00+00:00,128.32,4270.0,254.9,1400.0,2170.6,3003.0,206.5,,0.019345,89.3,16140.0,0.09774,28.9,39.8
2022-09-01 07:00:00+00:00,132.0,4722.0,249.11,1412.5,2178.0,3100.0,214.5,,0.01953,89.9,16600.0,0.0962,28.84,41.96
2022-09-02 07:00:00+00:00,135.9,4595.0,252.8,1435.0,2150.0,3130.0,213.0,,0.02009,89.84,16746.0,0.09584,30.96,41.7
2022-09-03 07:00:00+00:00,136.44,4609.0,253.2,1432.5,2153.4,3166.0,213.0,,0.02009,90.08,16796.0,0.09584,31.22,41.7
2022-09-04 07:00:00+00:00,137.05,4618.0,252.43,1439.0,2170.6,3174.5,213.0,,0.02009,91.12,16820.0,0.09584,31.34,41.7
2022-09-05 07:00:00+00:00,134.4,4658.0,250.0,1429.5,2155.0,3163.0,216.5,,0.02067,89.78,17000.0,0.10198,30.64,42.91
2022-09-06 07:00:00+00:00,130.12,4545.0,246.0,1364.0,2070.0,3092.5,219.5,,0.01991,88.52,16604.0,0.09812,30.0,42.95
2022-09-07 07:00:00+00:00,129.16,4420.0,241.55,1351.5,2076.0,3094.5,225.0,,0.01988,86.22,16222.0,0.0976,30.92,41.41
2022-09-08 07:00:00+00:00,127.8,4410.0,243.95,1326.0,2064.0,3102.0,226.0,,0.01965,78.02,16244.0,0.09742,30.48,41.14
2022-09-09 07:00:00+00:00,130.98,4470.0,245.34,1359.0,2093.0,3174.0,223.5,,0.01986,77.98,16740.0,0.0988,30.6,41.47
2022-09-10 07:00:00+00:00,129.7,4454.0,245.65,1358.5,2086.8,3175.0,223.5,,0.01986,77.7,16804.0,0.0988,30.3,41.47
2022-09-11 07:00:00+00:00,129.74,4420.0,245.06,1352.5,2094.0,3190.5,223.5,,0.01986,77.54,16694.0,0.0988,30.28,41.47
2022-09-12 07:00:00+00:00,131.54,4560.0,243.3,1424.5,2148.6,3253.5,224.0,,0.02013,78.88,16756.0,0.09854,30.66,42.05
2022-09-13 07:00:00+00:00,130.12,4542.5,242.64,1489.0,2191.4,3214.5,223.0,,0.019945,77.7,16432.0,0.09722,29.88,42.5
2022-09-14 07:00:00+00:00,131.4,4472.0,243.32,1475.5,2167.4,3185.5,216.5,,0.020045,75.3,16214.0,0.09636,29.38,42.0
2022-09-15 07:00:00+00:00,132.09,4530.0,243.68,1519.5,2177.6,3219.0,214.0,,0.020035,78.3,16212.0,0.09812,29.38,42.55
2022-09-16 07:00:00+00:00,130.52,4519.0,243.8,1504.0,2206.0,3118.5,208.5,,0.01994,78.84,16228.0,0.09624,29.18,41.72
2022-09-17 07:00:00+00:00,130.83,4503.0,244.57,1499.0,2208.0,3127.0,208.5,,0.01994,79.34,16150.0,0.09624,29.24,41.72
2022-09-18 07:00:00+00:00,130.3,4512.0,245.4,1503.0,2212.4,3145.5,208.5,,0.01994,79.24,16210.0,0.09624,29.42,41.72
2022-09-19 07:00:00+00:00,130.27,4496.0,244.21,1490.5,2230.0,2989.5,207.5,,0.019875,77.84,16016.0,0.09478,28.96,41.38
2022-09-20 07:00:00+00:00,121.45,4055.0,221.15,1360.0,2010.0,2560.0,198.0,,0.01845,70.88,15260.0,0.08976,27.46,37.3
2022-09-21 07:00:00+00:00,116.12,3955.0,214.07,1259.5,1899.4,2640.0,189.0,,0.01743,66.32,14776.0,0.08524,26.22,36.51
2022-09-22 07:00:00+00:00,119.23,4011.0,231.45,1264.5,1916.8,2644.0,196.5,,0.01795,68.38,14794.0,0.08848,26.86,37.16
2022-09-23 07:00:00+00:00,114.47,3948.5,224.84,1250.5,1791.8,2453.0,182.0,,0.017015,65.06,14148.0,0.08394,26.08,35.2
2022-09-26 07:00:00+00:00,104.09,3708.0,206.0,1050.0,1543.0,2200.0,175.5,,0.015375,58.52,12850.0,0.07486,22.64,31.85
2022-09-27 07:00:00+00:00,108.51,3865.0,217.3,1086.0,1713.2,2219.5,173.0,,0.015865,56.22,13278.0,0.07854,23.38,31.08
2022-09-28 07:00:00+00:00,106.61,3907.5,217.38,1137.5,1780.0,2115.0,175.0,,0.015515,55.9,12930.0,0.07838,23.36,31.3
2022-09-29 07:00:00+00:00,105.23,3882.5,226.46,1128.0,1840.6,1976.0,173.5,,0.01497,55.82,12338.0,0.07784,22.7,30.01
2022-09-30 07:00:00+00:00,105.66,3965.0,217.7,1191.0,1877.6,2090.5,174.0,,0.01493,60.02,12458.0,0.07804,23.14,29.92
2022-10-03 07:00:00+00:00,109.55,4077.0,215.83,1312.5,1959.0,2170.5,178.0,,0.015725,62.72,13186.0,0.08164,24.02,32.26
2022-10-04 07:00:00+00:00,107.09,4094.0,210.72,1340.0,1985.0,2100.0,178.5,,0.0153,60.76,12956.0,0.08104,23.36,33.71
2022-10-05 07:00:00+00:00,104.85,4102.5,209.05,1387.0,2029.8,2019.0,177.0,,0.0152,62.38,12516.0,0.08058,23.6,32.35
2022-10-06 07:00:00+00:00,105.32,4041.0,212.86,1374.0,2004.4,2011.0,182.0,,0.01514,60.92,12400.0,0.07906,23.36,32.3
2022-10-07 07:00:00+00:00,99.33,3875.0,195.15,1340.0,1930.2,1949.0,180.0,,0.014425,58.6,11932.0,0.07678,22.44,30.92
2022-10-10 07:00:00+00:00,103.2,4035.0,163.89,1375.0,1998.0,1988.5,178.0,,0.01492,60.38,12500.0,0.0784,23.2,31.68
2022-10-11 07:00:00+00:00,103.7,4170.0,162.89,1429.5,2006.6,2021.5,183.0,,0.015225,62.8,12794.0,0.0825,23.46,32.01
2022-10-12 07:00:00+00:00,102.91,4149.0,161.8,1436.0,2044.0,2124.0,183.0,,0.01523,62.78,12698.0,0.08064,23.44,32.35
2022-10-13 07:00:00+00:00,103.07,4185.5,160.84,1479.0,2032.0,2107.0,183.0,,0.015275,65.96,12616.0,0.08246,23.54,35.05
2022-10-14 07:00:00+00:00,103.73,4139.0,159.6,1514.5,1991.0,2080.0,183.5,,0.0152,67.4,12640.0,0.08246,23.48,34.42
2022-10-15 07:00:00+00:00,104.54,4151.5,161.59,1522.5,1991.2,2088.5,183.5,,0.0152,67.4,12686.0,0.08246,23.54,34.42
2022-10-16 07:00:00+00:00,104.28,4160.5,161.43,1511.0,1995.2,2092.0,183.5,,0.0152,67.92,12662.0,0.08246,23.6,34.42
2022-10-17 07:00:00+00:00,108.3,4212.5,163.24,1511.5,2022.2,2281.5,185.5,,0.015795,68.6,13246.0,0.08434,24.22,35.31
2022-10-18 07:00:00+00:00,106.43,4240.0,160.2,1455.0,1968.0,2378.0,187.0,,0.01573,67.28,13222.0,0.08216,23.78,35.85
2022-10-19 07:00:00+00:00,107.4,4204.5,161.29,1496.5,1927.4,2290.0,186.5,,0.015835,65.5,13018.0,0.08334,23.82,34.85
2022-10-20 07:00:00+00:00,110.48,4380.5,160.75,1516.5,1928.8,2276.5,194.5,,0.01606,65.9,13084.0,0.08558,23.84,35.46
2022-10-21 07:00:00+00:00,113.7,4433.0,166.99,1550.0,1976.0,2253.0,197.0,,0.01618,65.02,13160.0,0.08618,24.42,35.64
2022-10-22 07:00:00+00:00,113.14,4496.0,169.08,1555.0,1976.8,2263.5,197.0,,0.01618,65.48,13206.0,0.08618,24.34,35.64
2022-10-23 07:00:00+00:00,114.1,4476.5,168.58,1560.5,1985.0,2286.0,197.0,,0.01618,65.6,13266.0,0.08618,24.42,35.64
2022-10-24 07:00:00+00:00,113.35,4439.5,165.47,1596.0,1973.4,2295.0,200.0,,0.01608,66.4,13152.0,0.08784,24.5,38.3
2022-10-25 07:00:00+00:00,118.21,4569.5,172.38,1608.0,2020.2,2330.0,203.0,,0.01655,68.4,13470.0,0.08796,25.16,38.01
2022-10-26 07:00:00+00:00,118.4,4613.5,171.98,1596.5,2008.0,2317.0,211.5,,0.016755,67.66,13136.0,0.087,25.1,37.65
2022-10-27 07:00:00+00:00,120.37,4724.0,172.47,1603.0,2021.0,2437.0,215.0,,0.016835,68.06,13266.0,0.0875,25.56,37.92
2022-10-28 07:00:00+00:00,121.38,4700.5,170.74,1611.0,2021.8,2475.0,215.0,,0.016915,67.5,13548.0,0.0875,25.52,37.97
2022-10-29 07:00:00+00:00,122.59,4717.5,171.72,1624.5,2027.0,2486.0,215.0,,0.016915,67.8,13642.0,0.0875,25.5,37.97
2022-10-30 07:00:00+00:00,122.62,4708.5,171.57,1610.5,2019.8,2489.5,215.0,,0.016915,67.76,13646.0,0.0875,25.82,37.97
2022-10-31 07:00:00+00:00,120.56,4695.5,170.27,1595.0,2109.0,2510.0,214.0,,0.01684,69.1,13758.0,0.08734,25.36,38.49
2022-11-01 07:00:00+00:00,120.9,4700.0,169.92,1600.5,2157.0,2537.5,217.0,,0.016845,69.54,13624.0,0.08756,26.08,38.51
2022-11-02 07:00:00+00:00,119.5,4670.0,167.72,1560.0,2110.0,2502.5,213.0,,0.0164,68.7,13404.0,0.08932,25.74,38.16
2022-11-03 07:00:00+00:00,119.28,4687.0,169.14,1604.0,2119.0,2467.0,219.0,,0.0164,68.36,13406.0,0.08862,25.64,37.63
2022-11-04 07:00:00+00:00,119.53,4717.5,169.5,1606.5,2123.4,2469.5,219.0,,0.0164,68.72,13376.0,0.08862,25.66,37.63
2022-11-05 07:00:00+00:00,119.36,4728.5,168.9,1605.0,2135.2,2473.5,219.0,,0.0164,68.8,13520.0,0.08862,25.8,37.63
2022-11-06 07:00:00+00:00,119.84,4725.0,169.3,1615.0,2132.2,2470.0,219.0,,0.0164,68.46,13538.0,0.08862,25.78,37.63
2022-11-07 07:00:00+00:00,125.4,4723.5,169.85,1619.5,2151.6,2509.5,216.5,,0.01686,69.54,14070.0,0.08862,26.24,38.7
2022-11-08 07:00:00+00:00,124.92,4697.5,169.97,1611.5,2127.6,2494.5,213.0,,0.01725,68.94,13968.0,0.08766,25.64,38.35
2022-11-09 07:00:00+00:00,121.6,4632.0,167.1,1559.5,2060.4,2471.5,207.5,,0.01659,68.5,13720.0,0.0857,24.96,37.75
2022-11-10 07:00:00+00:00,130.41,4681.0,168.9,1560.0,2111.6,2505.5,211.5,,0.01729,68.54,14044.0,0.08746,25.58,37.95
2022-11-11 07:00:00+00:00,131.0,4670.0,169.86,1567.5,2122.2,2490.0,208.0,,0.01716,68.22,14764.0,0.0873,25.62,38.31
2022-11-12 07:00:00+00:00,131.39,4687.5,170.24,1576.5,2118.8,2497.5,208.0,,0.01716,68.54,15048.0,0.0873,25.58,38.31
2022-11-13 07:00:00+00:00,131.7,4686.0,170.29,1579.5,2113.0,2488.5,208.0,,0.01716,68.48,14858.0,0.0873,25.62,38.31
2022-11-14 07:00:00+00:00,134.5,4658.5,169.6,1587.0,2132.4,2555.0,206.5,,0.017425,68.86,15456.0,0.08954,25.58,38.82
2022-11-15 07:00:00+00:00,130.61,4565.0,166.25,1532.0,2071.6,2636.0,205.0,,0.016805,70.92,14984.0,0.08654,24.7,38.75
2022-11-16 07:00:00+00:00,134.33,4661.5,168.76,1559.5,2114.2,2578.0,206.5,,0.01708,74.52,15224.0,0.0875,25.1,38.51
2022-11-17 07:00:00+00:00,133.35,4621.0,168.99,1552.5,2097.8,2525.0,213.5,,0.017115,78.02,14946.0,0.08746,25.06,38.8
2022-11-18 07:00:00+00:00,132.66,4623.0,168.79,1544.5,2098.2,2490.5,210.0,,0.017035,76.24,14986.0,0.08698,25.16,39.65
2022-11-19 07:00:00+00:00,132.17,4629.5,168.44,1549.0,2082.8,2496.0,210.0,,0.017035,76.08,15044.0,0.08698,25.06,39.65
2022-11-20 07:00:00+00:00,131.47,4633.0,167.92,1537.0,2081.6,2486.0,210.0,,0.017035,75.92,15064.0,0.08698,25.12,39.65
2022-11-21 07:00:00+00:00,130.35,4605.5,168.13,1523.0,2068.0,2420.0,207.5,,0.01688,75.86,14654.0,0.08614,25.0,39.25
2022-11-22 07:00:00+00:00,131.38,4618.0,168.08,1513.0,2083.8,2482.0,207.0,,0.01699,75.88,14802.0,0.08654,25.06,39.96
2022-11-23 07:00:00+00:00,131.4,4679.0,169.15,1533.0,2135.0,2493.0,205.5,,0.01706,76.64,14752.0,0.08614,25.24,40.15
2022-11-24 07:00:00+00:00,131.36,4664.0,168.96,1560.5,2130.0,2468.0,211.5,,0.017035,77.1,14766.0,0.087,25.18,40.34
2022-11-25 07:00:00+00:00,131.19,4669.0,169.03,1546.5,2020.4,2480.0,210.5,,0.01698,77.0,14632.0,0.08722,24.98,39.71
2022-11-26 07:00:00+00:00,131.17,4684.5,168.68,1542.5,2021.2,2480.5,210.5,,0.01684,77.22,14632.0,0.08722,25.1,39.71
2022-11-27 07:00:00+00:00,131.25,4668.5,169.08,1540.0,1995.8,2469.0,210.5,,0.01686,77.1,14728.0,0.08722,25.12,39.71
2022-11-28 07:00:00+00:00,130.43,4624.0,168.1,1539.5,1914.2,2459.5,229.5,,0.01685,75.98,14570.0,0.08644,24.96,39.38
2022-11-29 07:00:00+00:00,131.19,4602.0,168.1,1540.0,1986.2,2418.0,224.0,,0.016915,77.12,14464.0,0.08708,25.0,39.36
2022-11-30 07:00:00+00:00,131.54,4614.5,167.7,1548.5,1996.6,2431.5,223.0,,0.01694,77.64,14384.0,0.08658,25.02,38.93
2022-12-01 07:00:00+00:00,131.76,4599.5,166.98,1540.5,1980.2,2440.5,221.0,,0.016935,77.74,14650.0,0.0866,24.82,38.87
2022-12-02 07:00:00+00:00,131.39,4577.5,165.86,1538.0,1971.2,2420.0,217.5,,0.01683,78.0,14484.0,0.086,24.82,38.2
2022-12-03 07:00:00+00:00,130.99,4595.5,165.22,1540.0,1968.4,2422.5,217.5,,0.016855,78.16,14470.0,0.086,24.84,38.2
2022-12-04 07:00:00+00:00,130.86,4607.0,165.59,1542.0,1963.0,2421.0,217.5,,0.01674,78.26,14500.0,0.086,24.66,38.2
2022-12-05 07:00:00+00:00,136.4,4619.0,165.03,1534.0,1985.8,2399.5,213.5,,0.01698,78.52,14824.0,0.08576,24.92,38.68
2022-12-06 07:00:00+00:00,135.6,4603.5,164.3,1534.5,1989.4,2411.0,221.5,,0.01671,78.06,14718.0,0.08498,24.86,39.31
2022-12-07 07:00:00+00:00,137.49,4592.5,163.7,1530.0,1976.4,2366.5,234.5,,0.0168,77.5,15038.0,0.08614,24.92,39.19
2022-12-08 07:00:00+00:00,136.06,4578.0,163.0,1531.0,1958.4,2344.0,230.5,,0.01671,77.66,14886.0,0.08572,24.76,39.03
2022-12-09 07:00:00+00:00,136.13,4583.0,162.75,1530.0,1949.4,2425.0,226.0,,0.016715,78.98,14940.0,0.08506,24.7,38.62
2022-12-10 07:00:00+00:00,135.24,4625.5,162.89,1528.5,1939.0,2427.5,226.0,,0.0166,79.32,14870.0,0.08506,24.78,38.62
2022-12-11 07:00:00+00:00,136.09,4614.0,163.6,1522.0,1944.8,2409.5,226.0,,0.01669,78.76,14924.0,0.08506,24.74,38.62
2022-12-12 07:00:00+00:00,135.95,4583.5,162.89,1522.5,1921.8,2385.0,225.5,,0.01669,78.42,14760.0,0.08468,24.76,38.6
2022-12-13 07:00:00+00:00,135.45,4577.5,162.4,1525.0,1899.2,2420.0,219.0,,0.01663,78.76,14924.0,0.0846,24.6,38.57
2022-12-14 07:00:00+00:00,134.69,4590.5,160.74,1543.5,1851.0,2395.0,224.0,,0.016415,81.54,14718.0,0.08488,24.44,37.76
2022-12-15 07:00:00+00:00,131.1,4521.0,160.31,1522.5,1849.6,2484.0,222.5,,0.016125,81.16,14280.0,0.0848,24.08,37.3
2022-12-16 07:00:00+00:00,133.0,4580.0,160.24,1533.0,1836.4,2486.5,219.5,,0.01618,81.08,14498.0,0.08494,24.24,37.4
2022-12-17 07:00:00+00:00,132.47,4634.5,160.16,1533.0,1838.4,2483.5,219.5,,0.01615,81.26,14414.0,0.08494,24.18,37.4
2022-12-18 07:00:00+00:00,132.28,4610.0,160.53,1533.5,1840.0,2479.5,219.5,,0.016115,81.16,14422.0,0.08494,24.18,37.4
2022-12-19 07:00:00+00:00,132.29,4625.0,157.61,1538.5,1768.8,2382.0,214.0,,0.01603,79.54,14652.0,0.08376,23.94,36.69
2022-12-20 07:00:00+00:00,135.67,4076.0,158.94,1564.0,1842.0,2401.0,215.0,,0.016425,79.82,14816.0,0.08634,24.12,37.02
2022-12-21 07:00:00+00:00,135.23,4040.5,157.59,1554.5,1833.8,2366.5,212.0,,0.01638,78.84,14870.0,0.08634,24.06,37.52
2022-12-22 07:00:00+00:00,135.58,4027.5,157.95,1592.0,1847.0,2423.0,211.5,,0.017045,79.18,14958.0,0.08634,24.18,37.62
2022-12-23 07:00:00+00:00,135.74,4010.5,160.89,1580.0,1821.2,2414.0,214.0,,0.01693,79.08,14904.0,0.08634,24.22,37.86
2022-12-24 07:00:00+00:00,135.87,4034.0,162.68,1579.5,1823.8,2408.5,214.0,,0.016995,79.56,14854.0,0.08634,24.3,37.86
2022-12-25 07:00:00+00:00,136.73,4038.0,161.78,1586.5,1825.0,2418.0,214.0,,0.01693,79.1,14914.0,0.08634,24.36,37.86
2022-12-26 07:00:00+00:00,138.08,4010.0,162.12,1548.0,1811.4,2423.0,212.5,,0.017105,80.46,15050.0,0.08634,24.46,37.86
2022-12-27 07:00:00+00:00,137.7,4028.5,164.07,1539.5,1834.0,2420.0,212.0,,0.017,81.3,15282.0,0.08634,24.32,37.88
2022-12-28 07:00:00+00:00,137.7,4015.5,161.82,1520.0,1815.8,2424.0,211.0,,0.016475,81.7,15140.0,0.08634,24.18,37.48
2022-12-29 07:00:00+00:00,139.76,4022.0,162.91,1522.5,1819.6,2420.0,213.0,,0.01661,82.24,15242.0,0.08634,24.56,37.54
2022-12-30 07:00:00+00:00,140.99,4069.5,162.56,1500.5,1817.8,2415.5,212.0,,0.01639,82.8,15300.0,0.08634,24.6,37.62
2022-12-31 07:00:00+00:00,141.53,4103.0,163.44,1505.0,1825.0,2408.0,212.0,,0.01638,83.38,15414.0,0.08634,24.66,37.62
2023-01-01 07:00:00+00:00,141.79,4100.0,164.16,1515.0,1837.0,2412.0,212.0,,0.01649,83.98,15350.0,0.08634,24.76,37.62
2023-01-02 07:00:00+00:00,142.26,4110.5,164.91,1517.0,1825.8,2411.5,212.0,,0.01658,84.98,15426.0,0.08634,24.66,37.62
2023-01-03 07:00:00+00:00,141.43,4123.5,163.52,1513.0,1832.0,2424.5,217.5,,0.016445,85.4,15520.0,0.08634,24.64,37.96
2023-01-04 07:00:00+00:00,140.98,4116.0,162.51,1515.0,1867.0,2428.0,216.0,,0.01643,88.74,15574.0,0.08634,25.04,38.19
2023-01-05 07:00:00+00:00,140.58,4087.0,161.2,1502.0,1855.4,2397.5,218.5,,0.01632,90.0,15340.0,0.08634,25.6,38.4
2023-01-06 07:00:00+00:00,140.12,4089.0,162.1,1498.0,1850.4,2390.0,225.0,,0.016205,89.44,15438.0,0.08634,25.46,38.35
2023-01-07 07:00:00+00:00,141.58,4095.0,163.01,1498.5,1864.4,2399.0,225.0,,0.016235,89.3,15562.0,0.08634,25.44,38.35
2023-01-08 07:00:00+00:00,140.94,4086.5,161.81,1510.0,1859.0,2399.0,225.0,,0.01627,89.5,15368.0,0.08634,25.52,38.35
2023-01-09 07:00:00+00:00,141.99,4110.0,162.71,1497.0,1866.8,2395.0,227.0,,0.01646,90.46,15370.0,0.08634,26.08,39.08
2023-01-10 07:00:00+00:00,141.95,4079.0,162.1,1489.5,1870.0,2406.5,227.0,,0.016365,89.9,15324.0,0.08634,26.72,38.63
2023-01-11 07:00:00+00:00,148.72,4090.5,165.83,1519.0,1909.0,2496.0,223.5,,0.01668,90.66,15410.0,0.0879,27.68,39.23
2023-01-12 07:00:00+00:00,148.36,4078.5,164.17,1505.0,1897.8,2536.5,235.0,,0.016585,91.74,15440.0,0.08736,27.52,39.34
2023-01-13 07:00:00+00:00,150.89,4074.0,164.56,1527.0,1912.0,2541.0,234.5,,0.016645,93.86,15334.0,0.0873,27.68,39.7
2023-01-14 07:00:00+00:00,152.41,4077.0,164.67,1527.5,1925.8,2546.5,234.5,,0.016565,94.08,15420.0,0.0873,27.9,39.7
2023-01-15 07:00:00+00:00,153.29,4096.5,165.38,1530.5,1925.6,2534.0,234.5,,0.016525,95.28,15344.0,0.0873,27.84,39.7
2023-01-16 07:00:00+00:00,152.75,4052.0,165.8,1557.0,1953.8,2532.0,249.0,,0.01713,95.86,15488.0,0.0873,28.78,40.54
2023-01-17 07:00:00+00:00,149.61,4025.0,162.33,1525.0,1889.6,2509.0,243.0,,0.01671,94.6,15294.0,0.08564,27.44,42.85
2023-01-18 07:00:00+00:00,151.09,4021.0,162.18,1512.0,1906.6,2496.0,243.0,,0.01673,94.38,15316.0,0.08548,27.56,42.6
2023-01-19 07:00:00+00:00,148.94,3981.0,160.53,1512.0,1882.4,2469.0,234.0,,0.01665,93.56,15200.0,0.08566,27.48,41.09
2023-01-20 07:00:00+00:00,150.0,3944.0,158.85,1510.0,1904.8,2457.0,232.0,,0.016715,95.62,15154.0,0.08502,27.8,41.51
2023-01-21 07:00:00+00:00,150.71,3942.0,159.93,1510.5,1897.6,2449.0,232.0,,0.016725,95.98,14986.0,0.08502,27.8,41.51
2023-01-22 07:00:00+00:00,150.43,3966.0,160.12,1525.5,1894.8,2453.0,232.0,,0.016745,96.28,14962.0,0.08502,27.74,41.51
2023-01-23 07:00:00+00:00,151.32,3972.5,160.06,1534.0,1945.0,2461.5,238.5,,0.01682,95.96,14980.0,0.08546,27.8,42.83
2023-01-24 07:00:00+00:00,150.24,3942.5,157.88,1513.0,1919.8,2495.0,238.0,,0.01659,93.9,14776.0,0.08504,27.34,42.45
2023-01-25 07:00:00+00:00,150.46,3923.5,158.99,1506.0,1914.8,2509.0,236.0,,0.01663,91.88,14882.0,0.08482,27.42,42.1
2023-01-26 07:00:00+00:00,150.23,3911.0,157.58,1503.5,1902.8,2509.0,233.0,,0.0166,91.9,14800.0,0.08498,27.3,41.83
2023-01-27 07:00:00+00:00,150.55,3917.0,159.08,1503.5,1912.0,2524.5,238.0,,0.016585,92.2,15032.0,0.0864,27.7,42.38
2023-01-28 07:00:00+00:00,151.3,3918.0,158.79,1523.0,1922.0,2522.5,238.0,,0.016675,92.2,15058.0,0.0864,27.9,42.38
2023-01-29 07:00:00+00:00,151.09,3933.5,158.71,1508.0,1899.0,2535.0,238.0,,0.016615,92.2,15032.0,0.0864,27.86,42.38
2023-01-30 07:00:00+00:00,150.79,3947.5,158.41,1504.5,1934.0,2526.5,238.0,,0.016795,84.6,15150.0,0.08692,27.86,43.09
2023-01-31 07:00:00+00:00,155.47,3955.0,158.1,1505.5,2047.2,2623.0,237.0,,0.01695,83.58,15144.0,0.0865,28.0,45.5
2023-02-01 07:00:00+00:00,156.52,3955.5,158.12,1507.0,2088.0,2563.5,238.0,,0.017115,85.4,15258.0,0.08658,28.01,47.3
2023-02-02 07:00:00+00:00,158.07,3918.5,158.1,1505.5,2075.0,2602.0,238.0,,0.017025,87.44,15164.0,0.0862,28.24,48.23
2023-02-03 07:00:00+00:00,160.44,3907.5,160.87,1505.0,2055.8,2579.0,236.0,,0.016915,86.98,14990.0,0.08628,27.85,47.85
2023-02-04 07:00:00+00:00,162.42,3936.5,161.67,1514.5,2049.0,2593.0,236.0,,0.01686,86.98,15028.0,0.08628,27.95,47.85
2023-02-05 07:00:00+00:00,161.38,3921.5,160.65,1518.0,2077.8,2594.0,236.0,,0.0169,86.98,15030.0,0.08628,27.88,47.85
2023-02-06 07:00:00+00:00,165.87,3941.0,160.14,1539.5,2094.6,2611.5,236.5,,0.01713,87.2,14942.0,0.08708,28.27,48.4
2023-02-07 07:00:00+00:00,164.15,3968.0,159.87,1537.5,2076.6,2612.5,235.5,,0.0171,88.4,14960.0,0.08714,28.67,48.48
2023-02-08 07:00:00+00:00,163.04,3930.5,158.18,1516.0,2060.2,2595.5,236.0,,0.01702,88.06,14852.0,0.09006,29.43,47.75
2023-02-09 07:00:00+00:00,164.38,3914.0,159.19,1524.0,2040.4,2605.0,233.5,,0.016995,87.14,14918.0,0.09052,29.4,47.35
2023-02-10 07:00:00+00:00,164.33,3921.5,158.68,1540.0,2060.8,2675.5,232.0,,0.016945,87.02,14840.0,0.09024,28.82,47.0
2023-02-11 07:00:00+00:00,165.1,3942.5,159.37,1548.5,2074.8,2711.0,232.0,,0.017115,87.02,14948.0,0.09024,28.62,47.0
2023-02-12 07:00:00+00:00,164.14,3954.5,159.27,1543.0,2080.4,2719.5,232.0,,0.01707,87.02,14832.0,0.09024,28.92,47.0
2023-02-13 07:00:00+00:00,163.46,3928.5,158.01,1543.5,2065.2,2702.0,236.0,,0.01683,87.16,14892.0,0.0907,28.32,47.04
2023-02-14 07:00:00+00:00,160.86,3914.5,156.52,1526.0,2028.6,2670.0,228.5,,0.01684,86.0,14760.0,0.08906,27.77,45.99
2023-02-15 07:00:00+00:00,155.4,3829.0,153.09,1452.0,1969.2,2539.5,219.5,,0.01604,83.48,14500.0,0.0854,26.65,43.71
2023-02-16 07:00:00+00:00,157.25,3830.0,153.56,1417.5,1976.4,2553.5,225.0,,0.016,84.6,14398.0,0.08634,27.43,45.0
2023-02-17 07:00:00+00:00,157.97,3840.0,153.62,1415.5,1971.0,2555.0,228.0,,0.015985,84.94,14478.0,0.0868,27.54,45.16
2023-02-18 07:00:00+00:00,159.64,3862.5,153.65,1424.0,1983.0,2549.5,228.0,,0.016135,84.94,14448.0,0.0868,27.65,45.16
2023-02-19 07:00:00+00:00,157.38,3872.5,154.27,1425.0,1953.0,2548.0,228.0,,0.01623,84.94,14530.0,0.0868,27.82,45.16
2023-02-20 07:00:00+00:00,157.71,3905.0,153.24,1411.5,1958.0,2524.0,221.0,,0.016215,84.28,14540.0,0.0864,27.4,45.83
2023-02-21 07:00:00+00:00,162.44,3914.5,154.97,1464.0,1993.8,2553.0,222.5,,0.0164,85.72,14710.0,0.08712,27.78,46.31
2023-02-22 07:00:00+00:00,161.75,3909.5,155.31,1456.5,1980.4,2529.5,222.5,,0.01634,85.74,14474.0,0.08682,27.97,47.19
2023-02-23 07:00:00+00:00,162.33,3931.5,155.93,1455.0,1985.8,2514.0,222.5,,0.016395,85.74,14520.0,0.08682,27.64,47.19
2023-02-24 07:00:00+00:00,163.06,3901.0,154.22,1462.0,1986.6,2549.0,223.5,,0.016205,85.74,14390.0,0.0878,28.16,47.47
2023-02-25 07:00:00+00:00,165.15,3897.5,154.43,1471.5,1984.4,2569.0,223.5,,0.016285,85.74,14438.0,0.0878,28.29,47.47
2023-02-26 07:00:00+00:00,162.92,3847.0,152.74,1445.5,1947.8,2557.0,223.5,,0.01612,85.74,14346.0,0.0878,27.99,47.47
2023-02-27 07:00:00+00:00,167.67,3903.0,156.34,1464.0,2007.4,2620.0,226.0,,0.016415,87.14,14578.0,0.08834,28.32,48.2
2023-02-28 07:00:00+00:00,167.73,3990.0,157.66,1466.0,2015.0,2606.0,232.5,,0.01646,88.08,14498.0,0.0893,28.2,49.21
2023-03-01 07:00:00+00:00,168.99,4056.0,164.5,1467.5,2033.8,2597.5,233.0,,0.01665,88.18,14734.0,0.0895,28.35,49.45
2023-03-02 07:00:00+00:00,165.91,4004.0,160.9,1454.5,1970.8,2543.0,226.0,,0.016405,86.92,14510.0,0.08788,28.0,48.79
2023-03-03 07:00:00+00:00,168.71,4030.5,162.27,1469.5,1984.2,2546.0,229.0,,0.016585,87.78,14562.0,0.0887,28.16,49.55
2023-03-04 07:00:00+00:00,169.51,4009.0,162.14,1483.5,1999.8,2573.5,229.0,,0.016675,88.04,14504.0,0.0887,28.25,49.55
2023-03-05 07:00:00+00:00,170.79,4044.5,162.81,1471.0,1987.8,2554.5,229.0,,0.01656,87.98,14624.0,0.0887,28.13,49.55
2023-03-06 07:00:00+00:00,170.39,4111.5,163.35,1489.0,1973.0,2567.0,229.5,,0.01677,89.86,14560.0,0.08982,28.58,53.0
2023-03-07 07:00:00+00:00,172.5,4125.0,162.57,1507.5,1961.8,2565.0,230.0,,0.016765,90.6,14676.0,0.08974,28.45,54.03
2023-03-08 07:00:00+00:00,175.0,4124.5,162.61,1512.0,1978.0,2574.5,230.0,,0.016775,91.22,14766.0,0.08974,28.6,54.03
2023-03-09 07:00:00+00:00,171.47,4105.0,161.21,1505.5,1942.0,2548.5,228.0,,0.01668,91.6,14586.0,0.09174,28.55,57.99
2023-03-10 07:00:00+00:00,171.9,4085.0,160.04,1497.5,1917.0,2535.5,227.5,,0.01649,90.64,14576.0,0.0918,28.27,57.86
2023-03-11 07:00:00+00:00,171.51,4045.0,159.19,1494.0,1922.8,2546.5,227.5,,0.01654,89.76,14596.0,0.0918,28.01,57.86
2023-03-12 07:00:00+00:00,172.85,4057.5,160.3,1515.5,1918.8,2526.5,227.5,,0.016525,90.68,14580.0,0.0918,28.07,57.86
2023-03-13 07:00:00+00:00,170.27,4066.0,159.03,1501.5,1907.4,2526.0,230.0,,0.016455,89.42,14554.0,0.0926,28.08,61.2
2023-03-14 07:00:00+00:00,174.01,4063.0,161.0,1500.0,1901.2,2514.5,237.0,,0.01655,90.52,14556.0,0.0923,28.25,59.41
2023-03-15 07:00:00+00:00,173.04,4022.0,159.68,1463.0,1864.2,2495.0,233.5,,0.01646,90.92,14464.0,0.0909,28.15,59.31
2023-03-16 07:00:00+00:00,174.0,4084.0,159.71,1440.0,1851.0,2495.5,237.0,,0.016425,91.16,14442.0,0.09044,28.26,57.91
2023-03-17 07:00:00+00:00,193.2,4111.5,163.29,1452.0,1898.0,2484.5,234.5,,0.01669,92.12,14560.0,0.09034,28.45,57.69
2023-03-18 07:00:00+00:00,197.37,4100.5,164.46,1464.0,1886.6,2491.5,234.5,,0.0166,93.12,14546.0,0.09034,28.67,57.69
2023-03-19 07:00:00+00:00,195.79,4144.0,164.86,1457.0,1907.0,2496.5,234.5,,0.0172,92.4,14576.0,0.09034,28.56,57.69
2023-03-20 07:00:00+00:00,203.85,4228.5,175.7,1470.5,1910.0,2511.5,238.5,,0.018995,94.7,15044.0,0.0928,29.66,60.92
2023-03-21 07:00:00+00:00,203.4,4216.5,170.55,1442.5,1887.6,2502.0,236.5,,0.018275,94.62,14864.0,0.09212,29.25,60.03
2023-03-22 07:00:00+00:00,203.23,4192.5,168.72,1418.5,1887.8,2483.0,236.0,,0.018405,95.04,14970.0,0.09246,28.94,58.66
2023-03-23 07:00:00+00:00,203.13,4177.5,168.84,1410.0,1902.0,2490.0,233.0,,0.018155,95.42,14932.0,0.09258,29.3,58.42
2023-03-24 07:00:00+00:00,203.68,4206.5,169.03,1400.0,1886.4,2452.0,238.5,,0.0179,95.9,15080.0,0.09422,29.61,59.23
2023-03-25 07:00:00+00:00,204.8,4224.5,169.48,1414.5,1893.4,2417.5,238.5,,0.018095,95.42,15116.0,0.09422,29.47,59.23
2023-03-26 07:00:00+00:00,204.34,4222.5,169.8,1422.0,1896.4,2416.0,238.5,,0.01784,96.36,15150.0,0.09422,29.6,59.23
2023-03-27 07:00:00+00:00,211.94,4322.0,172.33,1406.0,1919.6,2568.5,240.5,,0.01834,104.48,15184.0,0.09616,32.92,59.42
2023-03-28 07:00:00+00:00,213.9,4320.0,171.07,1397.5,1929.6,2553.5,239.0,,0.0183,103.0,15186.0,0.0958,32.36,59.12
2023-03-29 07:00:00+00:00,217.67,4342.0,170.95,1420.0,1919.6,2620.5,238.0,,0.01834,102.7,15084.0,0.0948,32.27,59.06
2023-03-30 07:00:00+00:00,216.8,4382.5,171.71,1433.5,1917.4,2659.5,237.0,,0.01836,100.72,15024.0,0.10078,32.74,58.99
2023-03-31 07:00:00+00:00,215.84,4352.5,169.83,1429.0,1901.6,2610.5,235.0,,0.01814,100.08,15010.0,0.09916,31.65,58.26
2023-04-02 07:00:00+00:00,214.36,4427.0,170.75,1444.0,1917.2,2633.0,235.0,,0.018325,101.1,15006.0,0.09916,31.87,58.26
2023-04-03 07:00:00+00:00,215.02,4473.5,170.38,1425.0,1913.0,2594.5,340.0,,0.01991,101.48,15084.0,0.1019,32.03,59.59
2023-04-04 07:00:00+00:00,214.36,4510.5,172.55,1410.5,1905.0,2580.0,343.0,,0.02037,101.6,15214.0,0.10216,32.16,59.61
2023-04-05 07:00:00+00:00,215.6,4540.0,173.86,1412.0,1907.2,2593.5,406.5,,0.018895,101.94,15200.0,0.10246,32.27,59.21
2023-04-06 07:00:00+00:00,214.21,4585.0,171.6,1410.0,1912.8,2631.5,442.0,,0.01877,101.54,15380.0,0.10142,32.39,59.32
2023-04-07 07:00:00+00:00,215.95,4637.0,173.09,1409.0,1919.8,2623.0,422.5,,0.01883,101.86,15430.0,0.10228,32.79,64.4
2023-04-08 07:00:00+00:00,216.27,4631.5,174.02,1418.0,1935.6,2654.5,422.5,,0.01902,102.14,15500.0,0.10228,32.62,64.4
2023-04-09 07:00:00+00:00,215.71,4671.5,174.07,1412.5,1938.2,2648.5,422.5,,0.01908,102.38,15440.0,0.10228,32.77,64.4
2023-04-10 07:00:00+00:00,221.13,4650.5,174.54,1440.0,1993.0,2636.5,424.0,,0.01904,102.7,15500.0,0.10438,34.84,65.62
2023-04-11 07:00:00+00:00,218.36,4620.0,177.18,1429.5,1952.2,2582.0,402.0,,0.01858,100.5,15360.0,0.1049,34.08,64.82
2023-04-12 07:00:00+00:00,218.95,4670.0,178.75,1432.5,1953.6,2598.0,401.5,,0.018655,100.66,15404.0,0.10394,34.49,61.34
2023-04-13 07:00:00+00:00,219.38,4612.5,178.73,1438.5,1954.0,2581.0,393.0,,0.01864,107.48,15404.0,0.10544,34.3,60.1
2023-04-14 07:00:00+00:00,221.4,4618.0,179.5,1447.0,1945.0,2581.5,386.5,,0.018695,107.58,15786.0,0.105,34.65,60.38
2023-04-15 07:00:00+00:00,224.27,4632.5,180.19,1462.0,1949.4,2609.0,386.5,,0.01886,108.04,15890.0,0.105,34.94,60.38
2023-04-16 07:00:00+00:00,222.24,4661.5,181.88,1465.5,1970.8,2611.0,386.5,,0.018785,108.46,15934.0,0.105,34.84,60.38
2023-04-17 07:00:00+00:00,227.82,4640.0,181.99,1465.5,1964.8,2613.5,434.5,,0.01931,117.6,15900.0,0.10706,36.26,60.42
2023-04-18 07:00:00+00:00,232.51,4599.5,184.39,1532.0,1981.4,2613.0,425.5,,0.01941,117.12,15908.0,0.1069,36.36,60.49
2023-04-19 07:00:00+00:00,233.29,4539.5,182.01,1537.5,1989.6,2597.0,418.0,,0.019315,114.4,15918.0,0.1044,37.45,60.12
2023-04-20 07:00:00+00:00,236.35,4746.0,181.74,1545.0,2098.6,2587.0,425.0,,0.02003,103.22,15802.0,0.10382,39.21,59.33
2023-04-21 07:00:00+00:00,235.47,4729.5,181.72,1539.5,2086.8,2577.0,417.5,,0.020195,101.7,15798.0,0.10452,38.97,58.74
2023-04-22 07:00:00+00:00,236.3,4737.0,181.47,1551.5,2092.6,2594.5,417.5,,0.020145,101.28,15984.0,0.10452,39.07,58.74
2023-04-23 07:00:00+00:00,237.56,4714.0,181.13,1557.5,2084.4,2594.5,417.5,,0.02037,102.54,15872.0,0.10452,39.02,58.74
2023-04-24 07:00:00+00:00,235.28,4710.5,181.56,1584.5,2080.0,2660.0,419.5,,0.02001,103.5,15700.0,0.10542,38.9,59.16
2023-04-25 07:00:00+00:00,235.13,4689.0,178.93,1562.5,2059.4,2768.5,421.0,,0.019765,103.0,15538.0,0.10484,38.02,59.51
2023-04-26 07:00:00+00:00,235.22,4659.0,178.38,1557.5,2113.0,2765.0,420.5,,0.02074,103.52,15330.0,0.10682,39.25,61.14
2023-04-27 07:00:00+00:00,239.51,4700.0,183.95,1564.5,2101.6,2752.0,427.0,,0.022465,102.14,15370.0,0.10718,40.05,60.82
2023-04-28 07:00:00+00:00,239.39,4674.5,181.13,1550.0,2070.6,2724.0,421.0,,0.02222,101.22,14572.0,0.10764,40.24,59.92
2023-04-29 07:00:00+00:00,241.03,4724.0,181.03,1564.0,2073.4,2741.5,421.0,,0.02228,100.7,14666.0,0.10764,40.13,59.92
2023-04-30 07:00:00+00:00,239.65,4693.5,179.51,1560.5,2072.0,2751.0,421.0,,0.022415,100.58,14558.0,0.10764,40.69,59.92
2023-05-01 07:00:00+00:00,242.65,4688.5,180.81,1560.0,2071.2,2743.5,421.0,,0.02219,101.2,14588.0,0.10764,40.0,59.92
2023-05-02 07:00:00+00:00,242.46,4581.0,177.97,1487.5,2015.0,2613.5,448.0,,0.02188,100.0,14542.0,0.1105,39.59,58.25
2023-05-03 07:00:00+00:00,235.9,4508.5,172.87,1412.0,1930.4,2506.5,439.0,,0.020955,97.46,14440.0,0.10412,38.02,55.12
2023-05-04 07:00:00+00:00,238.45,4547.5,173.66,1430.0,1979.6,2533.0,426.0,,0.021095,98.3,14470.0,0.1064,37.65,56.65
2023-05-05 07:00:00+00:00,236.8,4509.0,172.09,1408.5,1948.0,2485.5,427.0,,0.02106,99.04,14352.0,0.1028,37.12,56.64
2023-05-06 07:00:00+00:00,237.06,4551.0,172.32,1424.5,1961.6,2493.0,427.0,,0.02096,98.84,14256.0,0.1028,37.13,56.64
2023-05-07 07:00:00+00:00,236.83,4533.5,171.3,1429.5,1967.8,2501.0,427.0,,0.02084,98.7,14352.0,0.1028,36.97,56.64
2023-05-08 07:00:00+00:00,235.97,4564.5,170.84,1408.0,1943.0,2493.5,431.0,,0.02069,96.8,14218.0,0.10172,36.15,55.9
2023-05-10 07:00:00+00:00,226.21,4716.0,175.53,1440.5,2008.8,2574.0,446.0,,0.0221,100.4,14604.0,0.10702,38.26,58.59
2023-05-11 07:00:00+00:00,226.55,4788.5,174.13,1438.0,2007.2,2531.0,502.5,,0.021665,100.9,14476.0,0.10532,37.6,58.9
2023-05-12 07:00:00+00:00,226.68,4819.0,173.95,1447.0,2012.0,2542.0,619.0,,0.02171,100.44,14544.0,0.10502,38.24,59.37
2023-05-13 07:00:00+00:00,225.02,4853.0,173.83,1452.0,2006.2,2526.0,619.0,,0.021745,99.82,14526.0,0.10502,38.04,59.37
2023-05-14 07:00:00+00:00,226.04,4884.5,173.92,1454.0,2014.8,2558.0,619.0,,0.02174,100.2,14578.0,0.10502,38.46,59.37
2023-05-15 07:00:00+00:00,228.45,5045.5,179.04,1470.0,2049.6,2589.0,867.0,,0.02248,104.5,14768.0,0.1059,39.17,60.38
2023-05-16 07:00:00+00:00,228.52,5086.0,177.06,1483.5,2045.6,2583.0,758.0,,0.02233,106.3,14762.0,0.10628,38.8,60.48
2023-05-17 07:00:00+00:00,228.29,5097.0,176.3,1466.0,2058.0,2628.0,714.5,,0.023345,106.52,14778.0,0.11214,38.97,60.3
2023-05-18 07:00:00+00:00,229.04,5075.0,175.26,1458.0,2032.8,2662.0,687.5,,0.02321,106.08,14736.0,0.11008,38.55,60.18
2023-05-19 07:00:00+00:00,228.56,5078.5,174.43,1464.5,2223.2,2612.0,725.0,,0.02313,103.52,14730.0,0.11152,38.88,59.87
2023-05-20 07:00:00+00:00,230.01,5091.5,175.31,1462.0,2205.8,2635.0,725.0,,0.02295,104.32,14708.0,0.11152,39.14,59.87
2023-05-21 07:00:00+00:00,226.83,5133.0,174.27,1477.0,2226.0,2614.5,725.0,,0.02318,104.46,14652.0,0.11152,39.23,59.87
2023-05-22 07:00:00+00:00,228.32,5090.0,172.47,1498.5,2300.0,2601.0,730.0,,0.022885,107.78,14602.0,0.11054,39.35,60.11
2023-05-23 07:00:00+00:00,232.04,5173.0,166.59,1497.0,2242.8,2608.0,705.0,,0.02366,107.9,14648.0,0.11022,39.09,61.61
2023-05-24 07:00:00+00:00,241.1,5192.0,162.96,1500.0,2220.0,2675.0,687.5,,0.023625,113.4,14696.0,0.10958,39.51,62.55
2023-05-25 07:00:00+00:00,239.36,5203.5,162.3,1488.0,2350.0,2649.0,673.5,,0.02322,112.22,14562.0,0.10732,39.98,62.71
2023-05-26 07:00:00+00:00,243.0,5296.5,164.48,1503.0,2322.0,2737.5,675.0,,0.02325,112.04,14670.0,0.10934,40.15,67.4
2023-05-27 07:00:00+00:00,243.54,5319.0,163.95,1504.5,2331.2,2767.5,675.0,,0.02319,111.72,14662.0,0.10934,39.81,67.4
2023-05-28 07:00:00+00:00,242.02,5329.0,165.65,1510.5,2322.2,2742.0,675.0,,0.02321,112.52,14644.0,0.10934,40.36,67.4
2023-05-29 07:00:00+00:00,246.91,5538.5,163.6,1529.0,2390.0,3049.0,692.0,,0.023205,116.34,14654.0,0.1069,40.53,76.29
2023-05-30 07:00:00+00:00,241.26,5530.0,161.9,1496.0,2303.6,3082.5,680.0,,0.022485,115.0,14574.0,0.10718,39.91,78.32
2023-05-31 07:00:00+00:00,241.13,5569.0,162.94,1495.5,2324.2,3033.5,700.0,,0.0222,116.0,14580.0,0.10332,40.06,78.02
2023-06-01 07:00:00+00:00,238.47,5684.0,161.55,1502.0,2313.4,3027.0,695.0,,0.021425,126.4,14576.0,0.1012,39.3,84.1
2023-06-02 07:00:00+00:00,240.95,5383.0,162.58,1510.0,2343.6,3070.5,684.0,,0.02263,132.52,14782.0,0.10234,40.0,91.6
2023-06-03 07:00:00+00:00,240.4,5376.5,161.89,1524.5,2347.0,3088.0,684.0,,0.022875,133.92,14846.0,0.10306,40.31,91.6
2023-06-04 07:00:00+00:00,240.82,5339.5,162.83,1522.5,2338.2,3112.0,684.0,,0.02271,133.78,14940.0,0.1029,40.23,91.6
2023-06-05 07:00:00+00:00,236.37,5166.5,162.47,1483.0,2305.8,2942.5,665.0,,0.021905,127.02,14764.0,0.1006,39.2,88.05
2023-06-06 07:00:00+00:00,238.58,5149.5,163.16,1474.5,2323.2,2981.5,680.5,,0.022335,131.8,14644.0,0.0943,39.2,91.79
2023-06-07 07:00:00+00:00,238.18,5101.0,164.65,1484.5,2425.4,3043.5,704.0,,0.02296,131.3,14628.0,0.09432,39.49,90.6
2023-06-08 07:00:00+00:00,238.76,5065.0,166.18,1514.0,2520.0,3029.0,697.0,,0.02275,131.7,14738.0,0.0947,39.48,87.69
2023-06-09 07:00:00+00:00,238.49,5077.0,165.58,1497.0,2506.6,2996.5,681.5,,0.022785,129.96,14840.0,0.09396,40.06,87.18
2023-06-10 07:00:00+00:00,238.56,5116.5,165.31,1497.5,2480.4,3029.5,681.5,,0.022755,130.38,14788.0,0.09436,40.25,87.18
2023-06-11 07:00:00+00:00,239.76,5138.5,165.55,1515.0,2520.0,3010.0,681.5,,0.022595,130.44,14826.0,0.09454,39.82,87.18
2023-06-12 07:00:00+00:00,240.47,5087.5,165.18,1499.5,2513.2,2999.0,681.5,,0.022615,130.18,14834.0,0.09282,39.74,87.18
2023-06-13 07:00:00+00:00,241.77,5264.0,168.43,1535.5,2566.8,3085.0,699.0,,0.02302,131.16,15094.0,0.09456,40.67,89.07
2023-06-14 07:00:00+00:00,241.56,5246.0,167.88,1546.5,2620.0,3095.0,700.0,,0.02305,131.0,15052.0,0.09714,41.18,90.9
2023-06-15 07:00:00+00:00,242.9,5302.5,171.86,1553.5,2600.0,3120.0,703.0,,0.02305,133.26,15286.0,0.1002,43.25,89.59
2023-06-16 07:00:00+00:00,241.79,5260.5,169.87,1539.5,2547.0,3101.0,705.0,,0.022975,149.0,15362.0,0.09974,43.38,88.32
2023-06-17 07:00:00+00:00,242.08,5312.0,170.59,1562.0,2552.2,3101.0,705.0,,0.02292,148.8,15424.0,0.09898,43.68,88.32
2023-06-18 07:00:00+00:00,240.4,5320.5,171.62,1541.0,2557.8,3097.5,705.0,,0.02292,150.5,15466.0,0.09898,43.53,88.32
2023-06-19 07:00:00+00:00,240.02,5194.0,170.19,1544.5,2510.4,3106.0,775.0,,0.022885,178.3,15510.0,0.09954,43.26,88.12
2023-06-20 07:00:00+00:00,239.24,5150.5,169.64,1526.0,2510.6,3295.0,829.0,,0.022695,172.62,15332.0,0.1004,42.81,87.21
2023-06-21 07:00:00+00:00,239.22,5125.0,170.2,1528.0,2529.6,3290.0,807.0,,0.022775,170.26,15306.0,0.10046,43.16,89.5
2023-06-22 07:00:00+00:00,238.01,5137.0,168.41,1522.5,2492.6,3220.0,812.0,,0.02233,173.92,15178.0,0.10252,42.05,90.65
2023-06-23 07:00:00+00:00,233.81,5030.0,165.8,1477.5,2393.4,3090.0,791.0,,0.022,176.16,14988.0,0.09924,40.71,87.84
2023-06-24 07:00:00+00:00,222.16,4687.5,161.88,1431.5,2230.8,2886.0,791.0,,0.020925,164.06,14334.0,0.0936,39.36,87.84
2023-06-26 07:00:00+00:00,236.49,5048.5,166.91,1488.0,2379.0,3117.5,773.5,,0.02188,173.04,14862.0,0.0993,41.42,89.62
2023-06-27 07:00:00+00:00,238.95,5138.0,166.45,1498.5,2431.4,3116.5,778.0,,0.02181,171.8,14842.0,0.10026,42.3,89.9
2023-06-28 07:00:00+00:00,237.12,5108.0,168.05,1507.0,2462.0,3092.0,826.0,,0.021675,171.5,14934.0,0.0996,42.19,91.02
2023-06-29 07:00:00+00:00,237.51,5124.0,167.88,1521.0,2468.6,3099.0,809.0,,0.021805,171.34,14882.0,0.09958,43.01,90.36
2023-06-30 07:00:00+00:00,236.96,5079.0,166.86,1511.0,2439.6,3079.0,813.0,,0.021685,168.88,14726.0,0.09916,42.7,89.65
2023-07-01 07:00:00+00:00,237.49,5094.5,168.21,1520.5,2470.0,3094.5,813.0,,0.02185,167.48,14680.0,0.09862,42.28,89.65
2023-07-02 07:00:00+00:00,237.57,5072.5,167.99,1518.5,2460.8,3087.5,813.0,,0.022145,167.4,14746.0,0.09814,42.57,89.65
2023-07-03 07:00:00+00:00,238.5,5095.5,166.82,1523.0,2402.8,3061.0,815.0,,0.02209,169.6,14702.0,0.10052,42.2,88.0
2023-07-04 07:00:00+00:00,237.52,5209.0,165.5,1517.5,2366.0,3019.0,791.0,,0.02243,162.8,14744.0,0.10056,41.31,86.55
2023-07-05 07:00:00+00:00,237.64,5298.5,165.71,1534.5,2403.6,3050.0,765.0,,0.02244,154.18,14868.0,0.10082,41.89,89.2
2023-07-06 07:00:00+00:00,238.37,5347.0,166.36,1529.5,2390.2,3037.5,734.5,,0.022415,154.52,15162.0,0.10048,41.44,87.6
2023-07-07 07:00:00+00:00,240.7,5439.5,166.34,1528.0,2365.6,3056.5,803.5,,0.022485,155.4,15080.0,0.1001,41.43,87.72
2023-07-08 07:00:00+00:00,242.01,5423.5,167.41,1543.5,2385.4,3073.0,803.5,,0.02253,156.84,15152.0,0.10028,41.12,87.72
2023-07-09 07:00:00+00:00,239.76,5479.5,167.86,1534.5,2368.6,3084.0,803.5,,0.022605,155.8,15198.0,0.10068,41.44,87.72
2023-07-10 07:00:00+00:00,246.0,5436.0,167.59,1548.5,2407.6,3107.5,817.5,,0.02301,165.3,15264.0,0.10046,42.09,88.89
2023-07-11 07:00:00+00:00,245.5,5439.0,168.85,1597.5,2462.0,3255.0,818.5,,0.02336,164.3,15302.0,0.10036,41.85,93.38
2023-07-12 07:00:00+00:00,245.29,5500.0,170.3,1707.5,2445.0,3294.5,818.0,,0.0232,164.1,15454.0,0.1011,42.12,94.29
2023-07-13 07:00:00+00:00,244.22,5498.0,168.96,1721.5,2464.6,3267.5,809.5,,0.02307,166.62,15540.0,0.10286,42.39,93.17
2023-07-14 07:00:00+00:00,244.5,5514.0,169.7,1734.0,2555.0,3297.0,829.0,,0.023275,164.68,15504.0,0.10256,42.39,93.2
2023-07-15 07:00:00+00:00,243.45,5542.5,170.79,1734.5,2580.0,3302.5,829.0,,0.023465,165.14,15512.0,0.10228,42.46,93.2
2023-07-16 07:00:00+00:00,246.41,5549.0,170.08,1742.0,2539.6,3327.5,829.0,,0.02334,163.76,15634.0,0.10324,42.76,93.2
2023-07-17 07:00:00+00:00,244.25,5503.0,170.63,1841.0,2538.4,3480.0,828.0,,0.02323,164.1,15774.0,0.10638,42.58,95.81
2023-07-18 07:00:00+00:00,245.99,5537.5,174.89,1830.5,2590.0,3592.5,820.0,,0.02354,163.8,16336.0,0.10984,44.36,94.96
2023-07-19 07:00:00+00:00,245.0,5518.0,173.04,1958.0,2571.6,3548.0,823.5,,0.02335,172.86,16546.0,0.10868,43.79,94.11
2023-07-20 07:00:00+00:00,242.54,5394.0,169.92,1931.5,2492.2,3430.0,812.0,,0.02276,168.1,15904.0,0.10542,43.86,92.6
2023-07-21 07:00:00+00:00,243.71,5505.0,171.19,1943.0,2532.0,3598.0,815.5,,0.023035,169.16,16082.0,0.1062,44.2,94.32
2023-07-22 07:00:00+00:00,244.61,5505.0,172.98,1950.5,2527.2,3612.5,815.5,,0.02314,169.94,16270.0,0.10644,44.34,94.32
2023-07-23 07:00:00+00:00,244.65,5487.5,171.06,1946.0,2533.6,3587.0,815.5,,0.023015,170.2,16390.0,0.1073,44.15,94.32
2023-07-24 07:00:00+00:00,244.49,5545.5,171.98,1972.0,2630.0,3695.0,822.5,,0.023225,174.38,16126.0,0.10748,44.42,97.2
2023-07-25 07:00:00+00:00,246.01,5633.5,171.86,2082.5,2642.6,3678.0,822.0,,0.02331,172.2,16260.0,0.10808,44.93,98.5
2023-07-26 07:00:00+00:00,245.85,5626.0,171.35,2052.5,2655.2,3641.5,895.0,,0.02349,172.92,16170.0,0.10726,44.72,97.62
2023-07-27 07:00:00+00:00,246.4,5668.0,172.0,2044.0,2630.0,3693.5,886.0,,0.0251,176.36,16190.0,0.10818,44.89,97.36
2023-07-28 07:00:00+00:00,247.93,5896.0,171.44,2132.0,2636.0,3687.0,908.0,,0.02508,185.46,16236.0,0.11,44.84,96.88
2023-07-29 07:00:00+00:00,247.63,5905.0,171.81,2133.5,2657.8,3737.0,908.0,,0.02495,187.28,16228.0,0.11028,44.72,96.88
2023-07-30 07:00:00+00:00,251.16,5933.5,173.25,2124.5,2630.4,3736.0,908.0,,0.025375,187.02,16176.0,0.11146,44.37,96.88
2023-07-31 07:00:00+00:00,265.29,5938.0,174.33,2119.0,2635.0,3703.5,897.0,,0.025815,208.02,16712.0,0.12224,45.63,98.6
2023-08-01 07:00:00+00:00,266.67,6008.0,173.21,2103.0,2670.0,3803.5,910.5,,0.02563,219.5,17000.0,0.121,45.35,99.29
2023-08-02 07:00:00+00:00,267.15,6069.5,174.07,2099.0,2709.4,3795.0,899.5,,0.0256,216.5,16560.0,0.1195,45.26,107.59
2023-08-03 07:00:00+00:00,268.2,6155.0,177.1,2205.0,2780.0,3791.5,919.0,,0.02707,219.0,16650.0,0.12564,45.47,109.04
2023-08-04 07:00:00+00:00,264.04,6103.0,173.46,2120.5,2731.0,3710.0,898.0,,0.026525,215.9,16338.0,0.12184,45.29,106.3
2023-08-05 07:00:00+00:00,265.69,6070.5,173.6,2137.5,2760.4,3724.0,898.0,,0.026815,220.06,16268.0,0.12262,45.28,106.3
2023-08-06 07:00:00+00:00,265.94,6116.5,174.45,2147.0,2739.2,3730.0,898.0,,0.026845,220.2,16406.0,0.12312,45.38,106.3
2023-08-07 07:00:00+00:00,261.23,6048.5,172.52,2076.5,2709.0,3683.0,909.0,,0.026075,220.64,16154.0,0.12406,45.22,105.38
2023-08-08 07:00:00+00:00,264.12,6124.5,172.71,2204.0,2728.6,3698.5,897.5,,0.02666,220.96,16106.0,0.12756,45.38,106.1
2023-08-09 07:00:00+00:00,263.2,6171.5,174.51,2180.5,2723.2,3670.0,892.0,,0.026545,220.46,16192.0,0.13348,45.25,105.06
2023-08-10 07:00:00+00:00,266.5,6252.0,176.65,2197.0,2718.0,3660.0,900.5,,0.02855,222.0,16464.0,0.1324,45.47,107.24
2023-08-11 07:00:00+00:00,265.86,6284.5,176.35,2204.5,2704.2,3735.5,917.0,,0.0283,233.5,16460.0,0.13344,45.84,106.61
2023-08-12 07:00:00+00:00,267.66,6360.5,177.85,2219.0,2738.8,3753.5,917.0,,0.028565,237.16,16552.0,0.13364,46.07,106.61
2023-08-13 07:00:00+00:00,267.57,6373.5,176.57,2226.0,2716.0,3773.0,917.0,,0.02855,237.46,16544.0,0.13372,45.91,106.61
2023-08-14 07:00:00+00:00,260.11,6127.5,177.09,2159.0,2610.0,3645.0,890.5,,0.02746,237.98,16280.0,0.12962,45.09,103.6
2023-08-15 07:00:00+00:00,260.89,6131.5,176.16,2161.0,2615.8,3628.0,892.5,,0.027195,245.5,16170.0,0.1285,45.13,102.99
2023-08-16 07:00:00+00:00,255.72,6094.5,174.14,2150.0,2570.6,3550.0,864.0,,0.026775,238.96,15908.0,0.1228,44.03,103.51
2023-08-17 07:00:00+00:00,258.09,6162.0,174.14,2229.0,2581.6,3577.0,870.0,,0.027845,237.02,15924.0,0.1245,44.7,104.68
2023-08-18 07:00:00+00:00,260.51,6277.5,175.48,2237.5,2602.2,3657.5,903.0,,0.02796,242.7,16198.0,0.12872,44.91,105.35
2023-08-19 07:00:00+00:00,263.43,6292.5,177.1,2234.0,2593.6,3694.0,903.0,,0.02783,243.24,16352.0,0.13068,45.08,105.35
2023-08-20 07:00:00+00:00,260.73,6324.0,177.46,2255.5,2622.0,3676.5,903.0,,0.028235,243.44,16276.0,0.13078,45.2,105.35
2023-08-21 07:00:00+00:00,260.94,6265.5,176.36,2281.5,2662.4,3620.5,945.0,,0.02787,244.46,16262.0,0.12886,44.83,112.93
2023-08-22 07:00:00+00:00,261.19,6606.5,176.48,2315.0,2710.8,3812.0,922.5,,0.027735,244.4,16270.0,0.12698,44.94,111.51
2023-08-23 07:00:00+00:00,256.47,6412.5,173.65,2299.0,2604.0,3700.0,916.5,,0.02702,242.48,16010.0,0.12266,44.14,108.11
2023-08-24 07:00:00+00:00,258.38,6544.0,175.04,2322.5,2650.2,3774.5,921.0,,0.027495,244.8,16074.0,0.12394,44.46,111.68
