time,close,volume,change,log_change,ticker
2021-08-24 07:00:00+00:00,0.051065,3483263,0.0,0.0,VTBR
2021-08-25 07:00:00+00:00,0.051085,2577832,0.0003915810233319167,0.0003915810133247913,VTBR
2021-08-26 07:00:00+00:00,0.050045,3023582,-0.020569761659060028,-0.020568311372404818,VTBR
2021-08-27 07:00:00+00:00,0.050805,3276002,0.015072744932080637,0.015072174266862547,VTBR
2021-08-30 07:00:00+00:00,0.05215,5101437,0.02613237990123157,0.026129406508936685,VTBR
2021-08-31 07:00:00+00:00,0.05269,7203533,0.010301684976272672,0.010301502774413026,VTBR
2021-09-01 07:00:00+00:00,0.0532,3927668,0.009632861095612377,0.009632712126404153,VTBR
2021-09-02 07:00:00+00:00,0.052445,3736578,-0.014293881631813325,-0.014293394934031468,VTBR
2021-09-03 07:00:00+00:00,0.0524,4318903,-0.0008584101919931433,-0.0008584100865706821,VTBR
2021-09-06 07:00:00+00:00,0.05409,6794142,0.031748065494461394,0.03174273455633913,VTBR
2021-09-07 07:00:00+00:00,0.05364,5476500,-0.008354364649521473,-0.008354267469857813,VTBR
2021-09-08 07:00:00+00:00,0.053785,5019065,0.0026995627493867,0.00269955947049099,VTBR
2021-09-09 07:00:00+00:00,0.05239,4695613,-0.02628190917927119,-0.026278884463840423,VTBR
2021-09-10 07:00:00+00:00,0.05195,3597438,-0.008434115864193858,-0.008434015874891893,VTBR
2021-09-13 07:00:00+00:00,0.05255,3055776,0.01148363216112976,0.011483379777723691,VTBR
2021-09-14 07:00:00+00:00,0.051495,4520844,-0.02028177197327963,-0.020280381745195062,VTBR
2021-09-15 07:00:00+00:00,0.05212,5718764,0.01206432931629766,0.012064036678879316,VTBR
2021-09-16 07:00:00+00:00,0.051635,4115667,-0.009349151324222841,-0.009349015133277043,VTBR
2021-09-17 07:00:00+00:00,0.0514,3715122,-0.004561580481673386,-0.004561564662247846,VTBR
2021-09-20 07:00:00+00:00,0.04998,4680992,-0.02801891184489369,-0.028015247054313228,VTBR
2021-09-21 07:00:00+00:00,0.050065,4252639,0.0016992365706894313,0.0016992357529598428,VTBR
2021-09-22 07:00:00+00:00,0.050815,4478638,0.014869973373883866,0.014869425429963693,VTBR
2021-09-23 07:00:00+00:00,0.050795,3819885,-0.0003936620563891,-0.0003936620462214471,VTBR
2021-09-24 07:00:00+00:00,0.050925,2508455,0.0025560403526007783,0.0025560375693612627,VTBR
2021-09-27 07:00:00+00:00,0.052345,4282229,0.02750592686554834,0.027502459658448875,VTBR
2021-09-28 07:00:00+00:00,0.050855,7895904,-0.02888198959883622,-0.028877975693758825,VTBR
2021-09-29 07:00:00+00:00,0.05096,3580289,0.002062566648767631,0.002062565186348324,VTBR
2021-09-30 07:00:00+00:00,0.05167,7065308,0.01383677251996812,0.013836331035185412,VTBR
2021-10-01 07:00:00+00:00,0.051485,3114994,-0.0035868468814133454,-0.0035868391903790113,VTBR
2021-10-04 07:00:00+00:00,0.05168,6456766,0.0037803653698767654,0.0037803563656320853,VTBR
2021-10-05 07:00:00+00:00,0.053835,9293543,0.040864318425380235,0.04085295379333388,VTBR
2021-10-06 07:00:00+00:00,0.05416,12726672,0.00601885167614429,0.00601881533633915,VTBR
2021-10-07 07:00:00+00:00,0.05428,7404572,0.002213208169467616,0.002213206362648883,VTBR
2021-10-08 07:00:00+00:00,0.054595,5269796,0.005786500791012568,0.005786468499361117,VTBR
2021-10-11 07:00:00+00:00,0.05619,11893461,0.028800481684437093,0.0287965016580772,VTBR
2021-10-12 07:00:00+00:00,0.05539,5244647,-0.014340224525787239,-0.014339733079094223,VTBR
2021-10-13 07:00:00+00:00,0.05511,5902759,-0.005067905843354449,-0.005067884149868617,VTBR
2021-10-14 07:00:00+00:00,0.05537,6829420,0.004706760318167146,0.00470674293973186,VTBR
2021-10-15 07:00:00+00:00,0.0556,3386524,0.004145282293218958,0.004145270421660712,VTBR
2021-10-18 07:00:00+00:00,0.055765,2871888,0.002963235526525528,0.0029632311899635316,VTBR
2021-10-19 07:00:00+00:00,0.0574,10252090,0.028901893086062017,0.028897870879020394,VTBR
2021-10-20 07:00:00+00:00,0.05661,6928420,-0.013859098902140491,-0.013858655276952158,VTBR
2021-10-21 07:00:00+00:00,0.05516,7240693,-0.025950506877649306,-0.025947595123467494,VTBR
2021-10-22 07:00:00+00:00,0.0544,6582253,-0.013874344153905285,-0.013873899063204145,VTBR
2021-10-25 07:00:00+00:00,0.05617,6422621,0.032024123851962016,0.03201865268244435,VTBR
2021-10-26 07:00:00+00:00,0.05597,5684665,-0.0035669812050244535,-0.003566973641073114,VTBR
2021-10-27 07:00:00+00:00,0.05506,5536743,-0.016393067325452832,-0.01639233318880699,VTBR
2021-10-28 07:00:00+00:00,0.053765,7653381,-0.023803049041399765,-0.023800801871971634,VTBR
2021-10-29 07:00:00+00:00,0.05273,9337223,-0.01943936841268738,-0.019438144300111176,VTBR
2021-11-01 07:00:00+00:00,0.05354,5883102,0.015245075011931616,0.01524448454982807,VTBR
2021-11-02 07:00:00+00:00,0.05282,5629129,-0.013539544865690102,-0.013539131223220233,VTBR
2021-11-03 07:00:00+00:00,0.052885,4790625,0.001229838221052014,0.001229837911030019,VTBR
2021-11-05 07:00:00+00:00,0.052815,3185044,-0.0013245038921555715,-0.0013245035048906318,VTBR
2021-11-08 07:00:00+00:00,0.05237,4716196,-0.008461433947756055,-0.008461332983729208,VTBR
2021-11-09 07:00:00+00:00,0.05152,6305779,-0.016364556808518393,-0.0163638264952981,VTBR
2021-11-10 07:00:00+00:00,0.050025,7339754,-0.029451457307060818,-0.029447201326301135,VTBR
2021-11-11 07:00:00+00:00,0.05125,7424945,0.024195097573164577,0.02419273754872041,VTBR
2021-11-12 07:00:00+00:00,0.05029,9269480,-0.01891049474026249,-0.018909367834644072,VTBR
2021-11-15 07:00:00+00:00,0.05189,8773194,0.031324963889341556,0.03131984319577474,VTBR
2021-11-16 07:00:00+00:00,0.05104,5195654,-0.0165172052829381,-0.016516454343113742,VTBR
2021-11-17 07:00:00+00:00,0.051565,3748743,0.010233687349290059,0.010233508731497736,VTBR
2021-11-18 07:00:00+00:00,0.05255,8838744,0.01892307871149666,0.01892194955492786,VTBR
2021-11-19 07:00:00+00:00,0.050495,12751886,-0.03990135621194139,-0.03989077584443997,VTBR
2021-11-22 07:00:00+00:00,0.048405,12225549,-0.04228379718403755,-0.042271207306485495,VTBR
2021-11-23 07:00:00+00:00,0.049875,10510318,0.029921223884005147,0.029916761037992814,VTBR
2021-11-24 07:00:00+00:00,0.04935,4794876,-0.010582306830907148,-0.010582109330537083,VTBR
2021-11-25 07:00:00+00:00,0.04879,3440282,-0.011412639783469132,-0.011412392051744673,VTBR
2021-11-26 07:00:00+00:00,0.04658,8787042,-0.04637071136091959,-0.04635410937155084,VTBR
2021-11-29 07:00:00+00:00,0.047375,8637191,0.016924206772245265,0.016923398946395343,VTBR
2021-11-30 07:00:00+00:00,0.047195,8597390,-0.0038067178195445132,-0.0038067086256826483,VTBR
2021-12-01 07:00:00+00:00,0.04758,7397408,0.0081246394795082,0.00812455009790375,VTBR
2021-12-02 07:00:00+00:00,0.04893,6306592,0.02798185069697074,0.0279782004262206,VTBR
2021-12-03 07:00:00+00:00,0.04861,4102858,-0.00656148132470585,-0.006561434243668086,VTBR
2021-12-06 07:00:00+00:00,0.04801,5188535,-0.012420267823754987,-0.012419948514515257,VTBR
2021-12-07 07:00:00+00:00,0.04838,6632868,0.007677258053669623,0.007677182639032366,VTBR
2021-12-08 07:00:00+00:00,0.047255,6379693,-0.023530207524994916,-0.023528036734861757,VTBR
2021-12-09 07:00:00+00:00,0.046915,5177567,-0.007221077459462576,-0.007221014705006391,VTBR
2021-12-10 07:00:00+00:00,0.045935,7341118,-0.021111667958077066,-0.021110100018583308,VTBR
2021-12-13 07:00:00+00:00,0.04293,14053986,-0.06770809840244829,-0.06765647148696036,VTBR
2021-12-14 07:00:00+00:00,0.04444,15362585,0.034575968078988134,0.03456908253495997,VTBR
2021-12-15 07:00:00+00:00,0.044795,6097046,0.007956645229206505,0.00795656127811244,VTBR
2021-12-16 07:00:00+00:00,0.04624,8805112,0.03175403225806456,0.03174869831458027,VTBR
2021-12-17 07:00:00+00:00,0.046905,6505851,0.014279540448207702,0.014279055213792314,VTBR
2021-12-20 07:00:00+00:00,0.046365,6607154,-0.011579674094312386,-0.011579415325725,VTBR
2021-12-21 07:00:00+00:00,0.04734,5591702,0.020812242009284006,0.0208107398336484,VTBR
2021-12-22 07:00:00+00:00,0.047575,5955776,0.004951829333134398,0.004951809096375242,VTBR
2021-12-23 07:00:00+00:00,0.0472,3777740,-0.00791360318676132,-0.007913520590703556,VTBR
2021-12-24 07:00:00+00:00,0.04709,3500456,-0.002333230453045175,-0.0023332283360464876,VTBR
2021-12-27 07:00:00+00:00,0.04773,4637268,0.013499876779988625,0.013499466762342118,VTBR
2021-12-28 07:00:00+00:00,0.048395,4879983,0.013836813071910852,0.013836371583246769,VTBR
2021-12-29 07:00:00+00:00,0.04843,2818277,0.0007229538770626368,0.0007229538140858286,VTBR
2021-12-30 07:00:00+00:00,0.048195,3072189,-0.004864194360455369,-0.004864175179206298,VTBR
2022-01-03 07:00:00+00:00,0.04945,2795582,0.025709608263782595,0.025706776832789727,VTBR
2022-01-04 07:00:00+00:00,0.0497,2979522,0.005042896407769167,0.00504287503386196,VTBR
2022-01-05 07:00:00+00:00,0.04736,4762286,-0.04824563937680139,-0.048226942526832864,VTBR
2022-01-06 07:00:00+00:00,0.048445,3964052,0.02265308026411958,0.022651143261217335,VTBR
2022-01-10 07:00:00+00:00,0.04895,3377753,0.010370421012803575,0.010370235139551832,VTBR
2022-01-11 07:00:00+00:00,0.05026,4745705,0.0264132334130143,0.026410163138926725,VTBR
2022-01-12 07:00:00+00:00,0.05011,4862044,-0.0029889475942420775,-0.002988943143812762,VTBR
2022-01-13 07:00:00+00:00,0.047075,17342998,-0.0625191705173738,-0.0624785144284172,VTBR
2022-01-14 07:00:00+00:00,0.04641,19498776,-0.014227601249250035,-0.014227121290131687,VTBR
2022-01-17 07:00:00+00:00,0.0465,10630522,0.0019373605521613069,0.0019373593402261763,VTBR
2022-01-18 07:00:00+00:00,0.043635,15720853,-0.06363560252386918,-0.06359273197803601,VTBR
2022-01-19 07:00:00+00:00,0.045275,14988798,0.03690379450991385,0.03689542315420245,VTBR
2022-01-20 07:00:00+00:00,0.045415,10262139,0.0030874480897772408,0.0030874431846996137,VTBR
2022-01-21 07:00:00+00:00,0.043935,8059817,-0.03313723954976816,-0.03313117800637026,VTBR
2022-01-24 07:00:00+00:00,0.04118,21715410,-0.06480383953888347,-0.06475856734816308,VTBR
2022-01-25 07:00:00+00:00,0.042535,13905747,0.03238022048864943,0.03237456482820436,VTBR
2022-01-26 07:00:00+00:00,0.04129,17419083,-0.02971129612377693,-0.02970692652984888,VTBR
2022-01-27 07:00:00+00:00,0.0431,15022439,0.04291581979985377,0.04290265721170327,VTBR
2022-01-28 07:00:00+00:00,0.043395,7527619,0.006821282884333791,0.006821229986506159,VTBR
2022-01-31 07:00:00+00:00,0.04378,9475459,0.008832979854914543,0.008832864998508664,VTBR
2022-02-01 07:00:00+00:00,0.042695,9495743,-0.02509790887172296,-0.025095274735147485,VTBR
2022-02-02 07:00:00+00:00,0.0424,6701476,-0.006933510673557649,-0.00693345512165729,VTBR
2022-02-03 07:00:00+00:00,0.041245,6784724,-0.027621980194283205,-0.02761846892521716,VTBR
2022-02-04 07:00:00+00:00,0.04125,6680855,0.00012121946829196192,0.00012121946799504419,VTBR
2022-02-07 07:00:00+00:00,0.0411,5119596,-0.003642999336430098,-0.0036429912785012034,VTBR
2022-02-08 07:00:00+00:00,0.042205,9740852,0.02653368839556439,0.026530575933494487,VTBR
2022-02-09 07:00:00+00:00,0.04274,11944559,0.012596885580369959,0.012596552455318313,VTBR
2022-02-10 07:00:00+00:00,0.0419,10429240,-0.019850726432678927,-0.019849422962909508,VTBR
2022-02-11 07:00:00+00:00,0.0405,10222475,-0.033990394531365056,-0.03398385281559851,VTBR
2022-02-14 07:00:00+00:00,0.040285,14418873,-0.005322808017566197,-0.005322782883334213,VTBR
2022-02-15 07:00:00+00:00,0.041885,9748852,0.03895842456744228,0.038948576376613385,VTBR
2022-02-16 07:00:00+00:00,0.042925,12116137,0.024529098276342375,0.024526639177766454,VTBR
2022-02-17 07:00:00+00:00,0.041185,11580274,-0.04139210484617434,-0.04138029439032717,VTBR
2022-02-18 07:00:00+00:00,0.03929,13577354,-0.047121499798551916,-0.04710407882284366,VTBR
2022-02-21 07:00:00+00:00,0.03212,47248045,-0.2028572938652361,-0.20149114449180733,VTBR
2022-02-22 07:00:00+00:00,0.034215,41775418,0.06322730694063561,0.06318525532590011,VTBR
2022-02-24 07:00:00+00:00,0.0201,42556823,-0.5573885831692045,-0.5319443293394309,VTBR
2022-02-25 07:00:00+00:00,0.02011,22082140,0.0004973887400392166,0.0004973887195304874,VTBR
2022-03-24 07:00:00+00:00,0.019,13038641,-0.056808736161637306,-0.05677822461812018,VTBR
2022-03-25 07:00:00+00:00,0.0175,7141243,-0.08233082706766906,-0.082238098236972,VTBR
2022-03-28 07:00:00+00:00,0.01685,3798240,-0.037859262399321816,-0.03785022413109775,VTBR
2022-03-29 07:00:00+00:00,0.0165,5896278,-0.020991817282618445,-0.020990275891835743,VTBR
2022-03-30 07:00:00+00:00,0.017155,4080855,0.03893912897556146,0.03892929540387798,VTBR
2022-03-31 07:00:00+00:00,0.0198,18325981,0.14388415634043739,0.14339226139007655,VTBR
2022-04-01 07:00:00+00:00,0.0225,24280545,0.12818181818181806,0.1278333715098848,VTBR
2022-04-04 07:00:00+00:00,0.0251,30061816,0.10957060646303682,0.10935253692736382,VTBR
2022-04-05 07:00:00+00:00,0.02308,36154581,-0.08399987571378269,-0.08390140449783946,VTBR
2022-04-06 07:00:00+00:00,0.02195,14912341,-0.050220388230696,-0.05019930211871837,VTBR
2022-04-07 07:00:00+00:00,0.02281,8094784,0.03844135819421405,0.03843189677511623,VTBR
2022-04-08 07:00:00+00:00,0.02236,5537458,-0.019926706502106886,-0.01992538800939826,VTBR
2022-04-11 07:00:00+00:00,0.0215,5898452,-0.039230769230769375,-0.039220713153281385,VTBR
2022-04-12 07:00:00+00:00,0.02111,7263547,-0.018307095722296184,-0.01830607327338783,VTBR
2022-04-13 07:00:00+00:00,0.021135,3685063,0.001183572434857182,0.0011835721585240213,VTBR
2022-04-14 07:00:00+00:00,0.019935,4407469,-0.05848674622615763,-0.05845345318543484,VTBR
2022-04-15 07:00:00+00:00,0.020125,6326334,0.00948598472987516,0.009485842471308731,VTBR
2022-04-18 07:00:00+00:00,0.019025,4335496,-0.05623852237575601,-0.056208919556877505,VTBR
2022-04-19 07:00:00+00:00,0.018695,6331555,-0.01749868822395894,-0.017497795318672547,VTBR
2022-04-20 07:00:00+00:00,0.019295,6024905,0.0315951408575113,0.031589886560505126,VTBR
2022-04-21 07:00:00+00:00,0.01898,2957002,-0.016460945100897212,-0.016460201807800286,VTBR
2022-04-22 07:00:00+00:00,0.01881,3199248,-0.008997271253940325,-0.008997149868842789,VTBR
2022-04-25 07:00:00+00:00,0.018155,3074606,-0.03545005930531155,-0.035442638446639904,VTBR
2022-04-26 07:00:00+00:00,0.019125,5910175,0.05207388086970758,0.052050374846300304,VTBR
2022-04-27 07:00:00+00:00,0.0199,7788419,0.039733799717542026,0.039723352017847255,VTBR
2022-04-28 07:00:00+00:00,0.019115,7114561,-0.04025723043677719,-0.0402463645820707,VTBR
2022-04-29 07:00:00+00:00,0.020095,10254111,0.05001849376591186,0.04999766075278833,VTBR
2022-05-04 07:00:00+00:00,0.01959,4181660,-0.025454543953484784,-0.02545179594471498,VTBR
2022-05-05 07:00:00+00:00,0.019795,1965773,0.010410336629368862,0.010410148601644516,VTBR
2022-05-06 07:00:00+00:00,0.01948,2148910,-0.016041770291276097,-0.016041082343704882,VTBR
2022-05-11 07:00:00+00:00,0.019305,2432727,-0.009024290980143216,-0.00902416849818945,VTBR
2022-05-12 07:00:00+00:00,0.018555,2681988,-0.03963520535873005,-0.03962483520363882,VTBR
2022-05-13 07:00:00+00:00,0.01865,1519565,0.005106873775017175,0.005106851577263704,VTBR
2022-05-16 07:00:00+00:00,0.01898,2015506,0.01754054641968266,0.017539647091957315,VTBR
2022-05-17 07:00:00+00:00,0.01933,2685705,0.018273516872117933,0.01827250003845761,VTBR
2022-05-18 07:00:00+00:00,0.0192,3752387,-0.006748065399206846,-0.006748014186503806,VTBR
2022-05-19 07:00:00+00:00,0.01917,1966530,-0.0015637226134584655,-0.0015637219761826474,VTBR
2022-05-20 07:00:00+00:00,0.018875,2076617,-0.01550888356876605,-0.015508261922464765,VTBR
2022-05-23 07:00:00+00:00,0.01857,1874679,-0.0162916403656114,-0.016290919770473977,VTBR
2022-05-24 07:00:00+00:00,0.018705,2689723,0.007243555777808566,0.007243492435495104,VTBR
2022-05-25 07:00:00+00:00,0.01881,2085678,0.005597804747342635,0.005597775512829678,VTBR
2022-05-26 07:00:00+00:00,0.0188,3281247,-0.0005317735020982285,-0.0005317734770355123,VTBR
2022-05-27 07:00:00+00:00,0.0186,1900102,-0.010695493022191839,-0.01069528911674803,VTBR
2022-05-30 07:00:00+00:00,0.0183,2553621,-0.01626123744050757,-0.01626052087178018,VTBR
2022-05-31 07:00:00+00:00,0.01831,1497509,0.0005462988662171902,0.0005462988390441544,VTBR
2022-06-01 07:00:00+00:00,0.018495,2463420,0.010053235932955505,0.010053066597998123,VTBR
2022-06-02 07:00:00+00:00,0.017935,3026879,-0.030751158794641117,-0.030746314300171464,VTBR
2022-06-03 07:00:00+00:00,0.01755,3022114,-0.02170186420256116,-0.021700161072371094,VTBR
2022-06-06 07:00:00+00:00,0.017415,2048015,-0.007722122838401891,-0.007722046093910278,VTBR
2022-06-07 07:00:00+00:00,0.01721,2620878,-0.011841570320055445,-0.011841293594516512,VTBR
2022-06-08 07:00:00+00:00,0.01734,2662518,0.007525432157345379,0.007525361128947811,VTBR
2022-06-09 07:00:00+00:00,0.01703,1627065,-0.018040455102976638,-0.01803947667779901,VTBR
2022-06-10 07:00:00+00:00,0.017,1602364,-0.0017631515318986537,-0.0017631506183807407,VTBR
2022-06-14 07:00:00+00:00,0.017495,3252327,0.02870572264344428,0.02870178176343521,VTBR
2022-06-15 07:00:00+00:00,0.0176,3581082,0.005983811933279691,0.00598377622445471,VTBR
2022-06-16 07:00:00+00:00,0.017795,3143057,0.01101883988096743,0.011018616918049817,VTBR
2022-06-17 07:00:00+00:00,0.0179,3910943,0.005883227822767416,0.0058831938845533786,VTBR
2022-06-20 07:00:00+00:00,0.01874,4816161,0.04587564019246021,0.04585956396356688,VTBR
2022-06-21 07:00:00+00:00,0.018205,4715437,-0.02896804506484759,-0.028963995182879457,VTBR
2022-06-22 07:00:00+00:00,0.01851,3935384,0.016615609398395206,0.0166148449580094,VTBR
2022-06-23 07:00:00+00:00,0.018585,5171827,0.004043688183731703,0.00404367716380948,VTBR
2022-06-24 07:00:00+00:00,0.0186,2658494,0.0008067770574603649,0.0008067769699398882,VTBR
2022-06-27 07:00:00+00:00,0.0191,4790494,0.02652986545065588,0.026526754333428604,VTBR
2022-06-28 07:00:00+00:00,0.0193,5393928,0.010416949244500023,0.0104167608582558,VTBR
2022-06-29 07:00:00+00:00,0.018705,3609238,-0.031319346050555974,-0.031314228110730445,VTBR
2022-06-30 07:00:00+00:00,0.01778,5770677,-0.050738382541797286,-0.0507166377143509,VTBR
2022-07-01 07:00:00+00:00,0.017505,3349570,-0.015588306924359443,-0.015587675679129559,VTBR
2022-07-04 07:00:00+00:00,0.01855,4146262,0.05801573058448457,0.05798323464681513,VTBR
2022-07-05 07:00:00+00:00,0.018785,6176512,0.012589222489986299,0.01258888997248793,VTBR
2022-07-06 07:00:00+00:00,0.01872,3162719,-0.003466214917339436,-0.0034662079764861725,VTBR
2022-07-07 07:00:00+00:00,0.018735,2280291,0.0008009612818460495,0.0008009611962048091,VTBR
2022-07-08 07:00:00+00:00,0.01883,1856748,0.005057931989067862,0.005057910423410176,VTBR
2022-07-11 07:00:00+00:00,0.018325,2356520,-0.027188443450735626,-0.02718509489634579,VTBR
2022-07-12 07:00:00+00:00,0.018165,3073719,-0.00876969450493414,-0.008769582099549913,VTBR
2022-07-13 07:00:00+00:00,0.017885,2417806,-0.015534917744118734,-0.01553429296218412,VTBR
2022-07-14 07:00:00+00:00,0.01775,2254331,-0.0075769292860885275,-0.007576856789556475,VTBR
2022-07-15 07:00:00+00:00,0.017985,2331325,0.013152940439411703,0.013152561226162526,VTBR
2022-07-18 07:00:00+00:00,0.01808,1993263,0.005268302186433513,0.005268277816443021,VTBR
2022-07-19 07:00:00+00:00,0.018405,3048203,0.01781695437946127,0.017816011866954102,VTBR
2022-07-20 07:00:00+00:00,0.01823,3203228,-0.009553923477411404,-0.009553778140412843,VTBR
2022-07-21 07:00:00+00:00,0.01818,2470629,-0.002746503394168158,-0.0027464999412388316,VTBR
2022-07-22 07:00:00+00:00,0.01839,2365103,0.011485202353840516,0.01148494986689681,VTBR
2022-07-25 07:00:00+00:00,0.01851,2170509,0.0065041338265193396,0.006504087969176262,VTBR
2022-07-26 07:00:00+00:00,0.01863,2217524,0.006462103002163715,0.006462058028091024,VTBR
2022-07-27 07:00:00+00:00,0.01845,2663727,-0.009708966654883917,-0.009708814126960827,VTBR
2022-07-28 07:00:00+00:00,0.0185,1602775,0.002706364901486742,0.0027063615977428457,VTBR
2022-07-29 07:00:00+00:00,0.018585,1644334,0.004584087719681034,0.00458407166493639,VTBR
2022-08-01 07:00:00+00:00,0.018155,1996842,-0.023410936835356486,-0.023408798882916373,VTBR
2022-08-02 07:00:00+00:00,0.01801,2100552,-0.008018931616527454,-0.008018845678434312,VTBR
2022-08-03 07:00:00+00:00,0.0178,1977363,-0.011728970796498928,-0.011728701889825348,VTBR
2022-08-04 07:00:00+00:00,0.017945,1568836,0.008113156304688757,0.008113067301531107,VTBR
2022-08-05 07:00:00+00:00,0.01762,2533427,-0.018277921660616987,-0.0182769040915371,VTBR
2022-08-08 07:00:00+00:00,0.017655,2376968,0.0019844101747100848,0.0019844088723162193,VTBR
2022-08-09 07:00:00+00:00,0.01792,1827056,0.01489892931737254,0.014898378166434554,VTBR
2022-08-10 07:00:00+00:00,0.01807,1872478,0.00833579359040245,0.008335697057352808,VTBR
2022-08-11 07:00:00+00:00,0.01785,1883905,-0.012249902728108285,-0.012249596378488948,VTBR
2022-08-12 07:00:00+00:00,0.017955,1478760,0.005865153078775227,0.005865119452397837,VTBR
2022-08-15 07:00:00+00:00,0.018,1778548,0.0025031328320801955,0.0025031302181184748,VTBR
2022-08-16 07:00:00+00:00,0.018065,1794770,0.003604614509333721,0.0036046067034389744,VTBR
2022-08-17 07:00:00+00:00,0.01818,4113674,0.006345766738312386,0.006345724149729363,VTBR
2022-08-18 07:00:00+00:00,0.01814,1551808,-0.002202645843415755,-0.0022026440623422947,VTBR
2022-08-19 07:00:00+00:00,0.018,1700782,-0.007747764302339895,-0.007747686790825938,VTBR
2022-08-22 07:00:00+00:00,0.01804,1647827,0.002219758561222078,0.0022197567383130316,VTBR
2022-08-23 07:00:00+00:00,0.01833,2261807,0.015948223200428623,0.015947547217135864,VTBR
2022-08-24 07:00:00+00:00,0.018275,1722022,-0.0030050607385648004,-0.0030050562157713685,VTBR
2022-08-25 07:00:00+00:00,0.018145,1585703,-0.007139025610308106,-0.007138964970808405,VTBR
2022-08-26 07:00:00+00:00,0.01824,1086480,0.005221967713786968,0.005221943981151625,VTBR
2022-08-29 07:00:00+00:00,0.01865,2697533,0.022230992192276974,0.022229161443639192,VTBR
2022-08-30 07:00:00+00:00,0.018795,5004462,0.00774480834914878,0.007744730926316838,VTBR
2022-08-31 07:00:00+00:00,0.019345,7725331,0.028847110520518065,0.02884311113633508,VTBR
2022-09-01 07:00:00+00:00,0.01953,4842170,0.009517900435366693,0.009517756736111074,VTBR
2022-09-02 07:00:00+00:00,0.02009,7882029,0.028274199792689247,0.028270433938255526,VTBR
2022-09-05 07:00:00+00:00,0.02067,7258653,0.028465037471677432,0.028461194866833895,VTBR
2022-09-06 07:00:00+00:00,0.01991,9980706,-0.03747001808088018,-0.03746125561757203,VTBR
2022-09-07 07:00:00+00:00,0.01988,5760089,-0.0015079174191306674,-0.0015079168476770327,VTBR
2022-09-08 07:00:00+00:00,0.01965,4801123,-0.011637125552295841,-0.01163686291315756,VTBR
2022-09-09 07:00:00+00:00,0.01986,3017498,0.010630520513825705,0.010630320301756112,VTBR
2022-09-12 07:00:00+00:00,0.02013,4879677,0.013503991427323576,0.013503581034673525,VTBR
2022-09-13 07:00:00+00:00,0.019945,4611354,-0.009232885467325142,-0.009232754294330046,VTBR
2022-09-14 07:00:00+00:00,0.020045,4449562,0.005001281586222896,0.005001260737100306,VTBR
2022-09-15 07:00:00+00:00,0.020035,3217342,-0.0004990020270712131,-0.0004990020063623587,VTBR
2022-09-16 07:00:00+00:00,0.01994,3820908,-0.004752997450049241,-0.004752979554415678,VTBR
2022-09-19 07:00:00+00:00,0.019875,2437679,-0.003265109794793139,-0.003265103993296656,VTBR
2022-09-20 07:00:00+00:00,0.01845,13157046,-0.07446694278263533,-0.07439829005385938,VTBR
2022-09-21 07:00:00+00:00,0.01743,9759842,-0.056902173152540474,-0.05687151095460665,VTBR
2022-09-22 07:00:00+00:00,0.01795,5789310,0.02940148976327113,0.029397255402358317,VTBR
2022-09-23 07:00:00+00:00,0.017015,6115363,-0.05352032493040315,-0.05349480698141896,VTBR
2022-09-26 07:00:00+00:00,0.015375,13103868,-0.10152610441767063,-0.10135249426028746,VTBR
2022-09-27 07:00:00+00:00,0.015865,7506200,0.031377757962893264,0.03137261134257742,VTBR
2022-09-28 07:00:00+00:00,0.015515,6255777,-0.022309977463530545,-0.022308127134815444,VTBR
2022-09-29 07:00:00+00:00,0.01497,7386141,-0.035766720894791965,-0.03575909946880646,VTBR
2022-09-30 07:00:00+00:00,0.01493,12905769,-0.0026755900727554755,-0.002675586880438011,VTBR
2022-10-03 07:00:00+00:00,0.015725,7461760,0.05190246587945646,0.051879191035405184,VTBR
2022-10-04 07:00:00+00:00,0.0153,7207503,-0.027402402402402402,-0.027398974188114503,VTBR
2022-10-05 07:00:00+00:00,0.0152,5302851,-0.006557447540419637,-0.006557400546159052,VTBR
2022-10-06 07:00:00+00:00,0.01514,3061867,-0.0039551901550441025,-0.003955179842927943,VTBR
2022-10-07 07:00:00+00:00,0.014425,4292186,-0.04839630805720842,-0.04837743561513953,VTBR
2022-10-10 07:00:00+00:00,0.01492,5714904,0.033746184154891876,0.03373978238145142,VTBR
2022-10-11 07:00:00+00:00,0.015225,4107882,0.020237599985912923,0.02023621882034608,VTBR
2022-10-12 07:00:00+00:00,0.01523,2777643,0.000328353317009993,0.0003283533111097437,VTBR
2022-10-13 07:00:00+00:00,0.015275,2736490,0.0029503424307911466,0.0029503381505885233,VTBR
2022-10-14 07:00:00+00:00,0.0152,4280645,-0.004922097079851867,-0.004922077205428332,VTBR
2022-10-17 07:00:00+00:00,0.015795,4548083,0.03840744281168258,0.03839800640181773,VTBR
2022-10-18 07:00:00+00:00,0.01573,7716362,-0.004123728871203561,-0.004123717183862041,VTBR
2022-10-19 07:00:00+00:00,0.015835,7156287,0.006653011999339019,0.006652962920416513,VTBR
2022-10-20 07:00:00+00:00,0.01606,5974759,0.014109496634227454,0.014109028528012685,VTBR
2022-10-21 07:00:00+00:00,0.01618,4283367,0.007444271866778848,0.007444203111729826,VTBR
2022-10-24 07:00:00+00:00,0.01608,4591348,-0.0061996875941675664,-0.006199647879525338,VTBR
2022-10-25 07:00:00+00:00,0.01655,6389967,0.028813823631089155,0.028809838072251452,VTBR
2022-10-26 07:00:00+00:00,0.016755,5138596,0.012310930317053773,0.012310619366201855,VTBR
2022-10-27 07:00:00+00:00,0.016835,4970470,0.00476334943658132,0.004763331423764163,VTBR
2022-10-28 07:00:00+00:00,0.016915,4509406,0.004740767377480366,0.004740749619633896,VTBR
2022-10-31 07:00:00+00:00,0.01684,3360146,-0.004443808043992414,-0.0044437934184910965,VTBR
2022-11-01 07:00:00+00:00,0.016845,2391186,0.00029686804869593925,0.00029686804433544384,VTBR
2022-11-02 07:00:00+00:00,0.0164,3266833,-0.02677574043104619,-0.026772542028363294,VTBR
2022-11-03 07:00:00+00:00,0.0164,2834686,0.0,0.0,VTBR
2022-11-07 07:00:00+00:00,0.01686,4776185,0.02766614587854055,0.027662617743556467,VTBR
2022-11-08 07:00:00+00:00,0.01725,6973874,0.022870184125019427,0.022868190903659345,VTBR
2022-11-09 07:00:00+00:00,0.01659,6247323,-0.03902193568676787,-0.03901203927501571,VTBR
2022-11-10 07:00:00+00:00,0.01729,9087305,0.04133996139325915,0.04132819549284594,VTBR
2022-11-11 07:00:00+00:00,0.01716,4758027,-0.0075472772841192835,-0.007547205635382854,VTBR
2022-11-14 07:00:00+00:00,0.017425,5600678,0.015325462438087852,0.015324862586771185,VTBR
2022-11-15 07:00:00+00:00,0.016805,7829558,-0.03623742165279253,-0.03622949546951854,VTBR
2022-11-16 07:00:00+00:00,0.01708,3491671,0.01623243995214433,0.016231727183354867,VTBR
2022-11-17 07:00:00+00:00,0.017115,3158368,0.002047085051459804,0.0020470836217246014,VTBR
2022-11-18 07:00:00+00:00,0.017035,2385682,-0.004685238010347977,-0.004685220869218621,VTBR
2022-11-21 07:00:00+00:00,0.01688,3151164,-0.009140689227781804,-0.00914056194511896,VTBR
2022-11-22 07:00:00+00:00,0.01699,2304419,0.006495492190834453,0.006495446516029818,VTBR
2022-11-23 07:00:00+00:00,0.01706,2331992,0.004111617964363394,0.004111606379692326,VTBR
2022-11-24 07:00:00+00:00,0.017035,2154963,-0.0014664914762412573,-0.0014664909506029646,VTBR
2022-11-25 07:00:00+00:00,0.01698,1404457,-0.0032338758663226453,-0.0032338702297287983,VTBR
2022-11-26 07:00:00+00:00,0.01684,16756,-0.008279266651558639,-0.008279172069020424,VTBR
2022-11-27 07:00:00+00:00,0.01686,5716,0.0011869440382301158,0.0011869437595286225,VTBR
2022-11-28 07:00:00+00:00,0.01685,2161274,-0.0005932958101453166,-0.0005932957753386094,VTBR
2022-11-29 07:00:00+00:00,0.016915,1303643,0.0038501549464901204,0.0038501454343011225,VTBR
2022-11-30 07:00:00+00:00,0.01694,1059553,0.0014768875281331029,0.0014768869912365624,VTBR
2022-12-01 07:00:00+00:00,0.016935,1584089,-0.0002952029584609601,-0.0002952029541734373,VTBR
2022-12-02 07:00:00+00:00,0.01683,1453992,-0.00621951816397693,-0.006219478067020196,VTBR
2022-12-03 07:00:00+00:00,0.016855,10686,0.001484341028375625,0.001484340483309243,VTBR
2022-12-04 07:00:00+00:00,0.01674,14621,-0.006846337107530605,-0.006846283624694654,VTBR
2022-12-05 07:00:00+00:00,0.01698,4882826,0.014235596590549118,0.01423511582187191,VTBR
2022-12-06 07:00:00+00:00,0.01671,6798999,-0.016029524649339245,-0.016028838275898915,VTBR
2022-12-07 07:00:00+00:00,0.0168,9248296,0.00537156963323928,0.005371543801910849,VTBR
2022-12-08 07:00:00+00:00,0.01671,2522128,-0.00537156963323928,-0.005371543801910877,VTBR
2022-12-09 07:00:00+00:00,0.016715,1919945,0.000299177269222757,0.0002991772647596214,VTBR
2022-12-10 07:00:00+00:00,0.0166,14900,-0.006903879352288034,-0.006903824509564425,VTBR
2022-12-11 07:00:00+00:00,0.01669,1333,0.005407068658095522,0.00540704231124605,VTBR
2022-12-12 07:00:00+00:00,0.01669,1648996,0.0,0.0,VTBR
2022-12-13 07:00:00+00:00,0.01663,1712646,-0.003601452254276426,-0.0036014444689074793,VTBR
2022-12-14 07:00:00+00:00,0.016415,2563508,-0.013013109498832241,-0.013012742251280362,VTBR
2022-12-15 07:00:00+00:00,0.016125,3651907,-0.017825632161924038,-0.017824688271719725,VTBR
2022-12-16 07:00:00+00:00,0.01618,1717230,0.003405055528406174,0.003405048948509353,VTBR
2022-12-17 07:00:00+00:00,0.01615,22404,-0.0018558630270141259,-0.001855861961680045,VTBR
2022-12-18 07:00:00+00:00,0.016115,10214,-0.0021695361032209666,-0.002169534401264355,VTBR
2022-12-19 07:00:00+00:00,0.01603,2430152,-0.005288573298320489,-0.005288548645939707,VTBR
2022-12-20 07:00:00+00:00,0.016425,3455705,0.024345001903774383,0.024342597749212658,VTBR
2022-12-21 07:00:00+00:00,0.01638,2181180,-0.002743489387324998,-0.0027434859457508326,VTBR
2022-12-22 07:00:00+00:00,0.017045,9167374,0.03980633215746167,0.03979582716494313,VTBR
2022-12-23 07:00:00+00:00,0.01693,4064262,-0.0067697611530716136,-0.006769709444822452,VTBR
2022-12-24 07:00:00+00:00,0.016995,19413,0.003831996381271183,0.003831987003035435,VTBR
2022-12-25 07:00:00+00:00,0.01693,17789,-0.003831996381271183,-0.0038319870030353357,VTBR
2022-12-26 07:00:00+00:00,0.017105,4017290,0.010283803539273748,0.01028362228452391,VTBR
2022-12-27 07:00:00+00:00,0.017,4472362,-0.006157513283009635,-0.0061574743733517675,VTBR
2022-12-28 07:00:00+00:00,0.016475,14806420,-0.03137440864054278,-0.03136926366764528,VTBR
2022-12-29 07:00:00+00:00,0.01661,3861247,0.008160933821426825,0.008160843236632668,VTBR
2022-12-30 07:00:00+00:00,0.01639,5104476,-0.013333925952264633,-0.013333530869465256,VTBR
2022-12-31 07:00:00+00:00,0.01638,43275,-0.0006103143687036057,-0.0006103143308149407,VTBR
2023-01-01 07:00:00+00:00,0.01649,9734,0.006693108118214393,0.006693058146584366,VTBR
2023-01-02 07:00:00+00:00,0.01658,20464,0.005443040011821313,0.005443013135641363,VTBR
2023-01-03 07:00:00+00:00,0.016445,2138732,-0.008175761145551866,-0.008175670066128616,VTBR
2023-01-04 07:00:00+00:00,0.01643,1278135,-0.0009125477184966078,-0.0009125475918436616,VTBR
2023-01-05 07:00:00+00:00,0.01632,1550646,-0.006717633036172411,-0.006717582513215749,VTBR
2023-01-06 07:00:00+00:00,0.016205,1610744,-0.007071571879291705,-0.0070715129424502796,VTBR
2023-01-07 07:00:00+00:00,0.016235,19948,0.0018495700158320692,0.0018495689612984898,VTBR
2023-01-08 07:00:00+00:00,0.01627,15549,0.002153517340672294,0.0021535156761372516,VTBR
2023-01-09 07:00:00+00:00,0.01646,3955891,0.011610534860916994,0.011610274017977259,VTBR
2023-01-10 07:00:00+00:00,0.016365,1732613,-0.005788319617890494,-0.005788287295779808,VTBR
2023-01-11 07:00:00+00:00,0.01668,5282633,0.0190666440266668,0.01906548897745679,VTBR
2023-01-12 07:00:00+00:00,0.016585,3084644,-0.005711755587992756,-0.005711724531585033,VTBR
2023-01-13 07:00:00+00:00,0.016645,4112111,0.003611206476770783,0.0036111986279725597,VTBR
2023-01-14 07:00:00+00:00,0.016565,191209,-0.004817853913377473,-0.004817835275129119,VTBR
2023-01-15 07:00:00+00:00,0.016525,44639,-0.0024176523693165758,-0.0024176500141090793,VTBR
2023-01-16 07:00:00+00:00,0.01713,5969063,0.03596467522098949,0.035956926598278476,VTBR
2023-01-17 07:00:00+00:00,0.01671,5141159,-0.02482651935091356,-0.024823969728726237,VTBR
2023-01-18 07:00:00+00:00,0.01673,3169409,0.0011961726766831333,0.0011961723914301744,VTBR
2023-01-19 07:00:00+00:00,0.01665,4059147,-0.004793316927207945,-0.0047932985722796235,VTBR
2023-01-20 07:00:00+00:00,0.016715,1992051,0.003896313304030868,0.0038963034456091328,VTBR
2023-01-21 07:00:00+00:00,0.016725,22835,0.0005980861778867944,0.0005980861422302184,VTBR
2023-01-22 07:00:00+00:00,0.016745,11850,0.001195100516362286,0.0011951002318757362,VTBR
2023-01-23 07:00:00+00:00,0.01682,2787931,0.00446896317391507,0.004468948298634132,VTBR
2023-01-24 07:00:00+00:00,0.01659,2751703,-0.013768985370755476,-0.013768550342448897,VTBR
2023-01-25 07:00:00+00:00,0.01663,4508428,0.002408191330148652,0.0024081890024830925,VTBR
2023-01-26 07:00:00+00:00,0.0166,1882225,-0.0018055988234355813,-0.0018055978423386825,VTBR
2023-01-27 07:00:00+00:00,0.016585,2179838,-0.0009040230866184738,-0.0009040229634818627,VTBR
2023-01-28 07:00:00+00:00,0.016675,29506,0.005411945820879118,0.005411919402671617,VTBR
2023-01-29 07:00:00+00:00,0.016615,31040,-0.0036046978015655167,-0.0036046899951296843,VTBR
2023-01-30 07:00:00+00:00,0.016795,7445084,0.010775529774931021,0.010775321257698362,VTBR
2023-01-31 07:00:00+00:00,0.01695,3894266,0.009186739978273423,0.009186610762203139,VTBR
2023-02-01 07:00:00+00:00,0.017115,8960636,0.00968758967835999,0.00968743815568938,VTBR
2023-02-02 07:00:00+00:00,0.017025,5299529,-0.005272444374090264,-0.005272419946572623,VTBR
2023-02-03 07:00:00+00:00,0.016915,4691177,-0.006482095195681206,-0.006482049802904227,VTBR
2023-02-04 07:00:00+00:00,0.01686,63286,-0.0032568554165706472,-0.0032568496589623686,VTBR
2023-02-05 07:00:00+00:00,0.0169,24796,0.002369671573065947,0.0023696693553183824,VTBR
2023-02-06 07:00:00+00:00,0.01713,4927404,0.013518102087413747,0.013517690407000755,VTBR
2023-02-07 07:00:00+00:00,0.0171,9108349,-0.0017528497250129866,-0.0017528488274143605,VTBR
2023-02-08 07:00:00+00:00,0.01702,4778479,-0.004689357549769461,-0.004689340363386059,VTBR
2023-02-09 07:00:00+00:00,0.016995,2988304,-0.0014699405265045195,-0.0014699399971488294,VTBR
2023-02-10 07:00:00+00:00,0.016945,1772949,-0.0029463823520550683,-0.0029463780890645235,VTBR
2023-02-11 07:00:00+00:00,0.017115,56756,0.009982632715508817,0.00998246692313369,VTBR
2023-02-12 07:00:00+00:00,0.01707,17188,-0.0026327382171776005,-0.0026327351757994256,VTBR
2023-02-13 07:00:00+00:00,0.01683,2303696,-0.014160001754336333,-0.01415952860363439,VTBR
2023-02-14 07:00:00+00:00,0.01684,4110654,0.0005940006463968776,0.0005940006114660071,VTBR
2023-02-15 07:00:00+00:00,0.01604,6683565,-0.0486906249814894,-0.048671406375812395,VTBR
2023-02-16 07:00:00+00:00,0.016,5701570,-0.0024968827930173547,-0.0024968801985870434,VTBR
2023-02-17 07:00:00+00:00,0.015985,3172696,-0.0009379398654989755,-0.0009379397279765027,VTBR
2023-02-18 07:00:00+00:00,0.016135,68032,0.009340178791338655,0.009340042992120452,VTBR
2023-02-19 07:00:00+00:00,0.01623,197665,0.005870589742547034,0.0058705560225748785,VTBR
2023-02-20 07:00:00+00:00,0.016215,3846252,-0.0009246418989742853,-0.0009246417672186762,VTBR
2023-02-21 07:00:00+00:00,0.0164,5270093,0.011344838413694104,0.011344595070871516,VTBR
2023-02-22 07:00:00+00:00,0.01634,1313693,-0.003665253604800492,-0.0036652453982960287,VTBR
2023-02-23 07:00:00+00:00,0.016395,30033,0.0033603271887456794,0.0033603208647546394,VTBR
2023-02-24 07:00:00+00:00,0.016205,2381072,-0.011656837679099856,-0.011656573703100878,VTBR
2023-02-25 07:00:00+00:00,0.016285,15198,0.004924622039710936,0.004924602134686109,VTBR
2023-02-26 07:00:00+00:00,0.01612,35092,-0.010183877672141285,-0.010183701649714733,VTBR
2023-02-27 07:00:00+00:00,0.016415,3408092,0.018135807895248032,0.018134813875073753,VTBR
2023-02-28 07:00:00+00:00,0.01646,3091817,0.0027376477150044595,0.0027376442953677507,VTBR
2023-03-01 07:00:00+00:00,0.01665,3970648,0.011477273141914858,0.011477021177529299,VTBR
2023-03-02 07:00:00+00:00,0.016405,4011384,-0.014824592956260261,-0.014824050013388027,VTBR
2023-03-03 07:00:00+00:00,0.016585,2226831,0.010912722569177793,0.010912505985950761,VTBR
2023-03-04 07:00:00+00:00,0.016675,34547,0.005411945820879118,0.005411919402671617,VTBR
2023-03-05 07:00:00+00:00,0.01656,16510,-0.00692049808429122,-0.006920442844573795,VTBR
2023-03-06 07:00:00+00:00,0.01677,3097876,0.01260176038993037,0.012601426878004014,VTBR
2023-03-07 07:00:00+00:00,0.016765,2453430,-0.00029819592134501494,-0.0002981959169257146,VTBR
2023-03-08 07:00:00+00:00,0.016775,23556,0.0005963029748924316,0.0005963029395537492,VTBR
2023-03-09 07:00:00+00:00,0.01668,2130128,-0.00567931645741537,-0.005679285927144882,VTBR
2023-03-10 07:00:00+00:00,0.01649,3312448,-0.011456510958607231,-0.011456260359093093,VTBR
2023-03-11 07:00:00+00:00,0.01654,20933,0.0030275576491705656,0.0030275530240374895,VTBR
2023-03-12 07:00:00+00:00,0.016525,13593,-0.0009073039822772692,-0.0009073038577951235,VTBR
2023-03-13 07:00:00+00:00,0.016455,3256287,-0.00424501609165605,-0.004245003342446764,VTBR
2023-03-14 07:00:00+00:00,0.01655,2502273,0.0057567512239274365,0.005756719427768471,VTBR
2023-03-15 07:00:00+00:00,0.01646,3612479,-0.005452933597148436,-0.005452906574148153,VTBR
2023-03-16 07:00:00+00:00,0.016425,2269373,-0.002128632485745639,-0.0021286308782495966,VTBR
2023-03-17 07:00:00+00:00,0.01669,7198999,0.01600585664088549,0.01600517330306964,VTBR
2023-03-18 07:00:00+00:00,0.0166,40726,-0.005407068658095522,-0.005407042311246166,VTBR
2023-03-19 07:00:00+00:00,0.0172,692301,0.03551414962174278,0.03550668845690982,VTBR
2023-03-20 07:00:00+00:00,0.018995,67339754,0.09942950868343574,0.09926640282018152,VTBR
2023-03-21 07:00:00+00:00,0.018275,40264540,-0.03865139829078798,-0.03864178100374685,VTBR
2023-03-22 07:00:00+00:00,0.018405,10088501,0.007088420554249348,0.0070883611951423325,VTBR
2023-03-23 07:00:00+00:00,0.018155,6437177,-0.013676788313019798,-0.01367636196468537,VTBR
2023-03-24 07:00:00+00:00,0.0179,12645103,-0.014145763744540053,-0.014145292019589839,VTBR
2023-03-25 07:00:00+00:00,0.018095,154666,0.010835156166785827,0.010834944168996587,VTBR
2023-03-26 07:00:00+00:00,0.01784,38613,-0.014193006330564674,-0.014192529863842373,VTBR
2023-03-27 07:00:00+00:00,0.01834,9053054,0.02764485967597579,0.02764133967645539,VTBR
2023-03-28 07:00:00+00:00,0.0183,5097905,-0.0021834087157575196,-0.0021834069809433952,VTBR
2023-03-29 07:00:00+00:00,0.01834,5434187,0.0021834087157575196,0.0021834069809433597,VTBR
2023-03-30 07:00:00+00:00,0.01836,3371760,0.0010899185798154466,0.0010899183640258223,VTBR
2023-03-31 07:00:00+00:00,0.01814,6839973,-0.012055232481330232,-0.012054940505353967,VTBR
2023-04-02 07:00:00+00:00,0.018325,73480,0.010146977201725011,0.010146803085724772,VTBR
2023-04-03 07:00:00+00:00,0.01991,40193683,0.08305104895631979,0.0829558703033897,VTBR
2023-04-04 07:00:00+00:00,0.02037,48523536,0.022843098311572357,0.02284111216260953,VTBR
2023-04-05 07:00:00+00:00,0.018895,54567980,-0.07523669354309656,-0.07516589343726224,VTBR
2023-04-06 07:00:00+00:00,0.01877,14620011,-0.006637534940237697,-0.0066374862030348135,VTBR
2023-04-07 07:00:00+00:00,0.01883,5908442,0.0031914974885348547,0.0031914920706436526,VTBR
2023-04-08 07:00:00+00:00,0.01902,76548,0.01003988310931888,0.01003971444818325,VTBR
2023-04-09 07:00:00+00:00,0.01908,52392,0.003149614110271268,0.0031496089028962013,VTBR
2023-04-10 07:00:00+00:00,0.01904,8842985,-0.002098638197417246,-0.0020986366569211382,VTBR
2023-04-11 07:00:00+00:00,0.01858,13941110,-0.02445873397798312,-0.024456295977526937,VTBR
2023-04-12 07:00:00+00:00,0.018655,5999675,0.004028484183515936,0.004028473287428787,VTBR
2023-04-13 07:00:00+00:00,0.01864,5334830,-0.0008043975024243605,-0.0008043974156761123,VTBR
2023-04-14 07:00:00+00:00,0.018695,4283064,0.002946303434279869,0.002946299171631961,VTBR
2023-04-15 07:00:00+00:00,0.01886,38100,0.008787281859236643,0.008787168776234233,VTBR
2023-04-16 07:00:00+00:00,0.018785,32737,-0.003984608723313443,-0.003984598179379104,VTBR
2023-04-17 07:00:00+00:00,0.01931,19287435,0.027567908107868997,0.027564417414490873,VTBR
2023-04-18 07:00:00+00:00,0.01941,9740853,0.005165323709182639,0.005165300740495675,VTBR
2023-04-19 07:00:00+00:00,0.019315,21884313,-0.004906420747809876,-0.004906401062674323,VTBR
2023-04-20 07:00:00+00:00,0.02003,25094230,0.03635715854124588,0.03634915355948229,VTBR
2023-04-21 07:00:00+00:00,0.020195,10366927,0.008203991363783834,0.008203899337649374,VTBR
2023-04-22 07:00:00+00:00,0.020145,88913,-0.002478932910943884,-0.002478930372065723,VTBR
2023-04-23 07:00:00+00:00,0.02037,101652,0.011107339973703147,0.011107111595403896,VTBR
2023-04-24 07:00:00+00:00,0.02001,16769322,-0.01783202654931735,-0.017831081643072344,VTBR
2023-04-25 07:00:00+00:00,0.019765,13764752,-0.012319763467621044,-0.012319451846993186,VTBR
2023-04-26 07:00:00+00:00,0.02074,32362838,0.04817011529639123,0.04815150605273253,VTBR
2023-04-27 07:00:00+00:00,0.022465,70326810,0.07997936251848733,0.07989433972074193,VTBR
2023-04-28 07:00:00+00:00,0.02222,46889099,-0.010965978080113762,-0.010965758310639258,VTBR
2023-04-29 07:00:00+00:00,0.02228,73610,0.0026966341158353277,0.0026966308475993186,VTBR
2023-04-30 07:00:00+00:00,0.022415,59613,0.0060409992907576905,0.00604096254831952,VTBR
2023-05-01 07:00:00+00:00,0.02219,90179,-0.010088811801872898,-0.01008864066290029,VTBR
2023-05-02 07:00:00+00:00,0.02188,37035962,-0.014069223500217968,-0.014068759390722135,VTBR
2023-05-03 07:00:00+00:00,0.020955,29504972,-0.04320913034241995,-0.04319569617674561,VTBR
2023-05-04 07:00:00+00:00,0.021095,19749454,0.006658813406689891,0.006658764199266958,VTBR
2023-05-05 07:00:00+00:00,0.02106,23797582,-0.001660539633598035,-0.001660538870472577,VTBR
2023-05-06 07:00:00+00:00,0.02096,63879,-0.004759665224041786,-0.004759647252988024,VTBR
2023-05-07 07:00:00+00:00,0.02084,44143,-0.005741674114664919,-0.005741642567675171,VTBR
2023-05-08 07:00:00+00:00,0.02069,9936909,-0.007223787952862373,-0.00722372512771454,VTBR
2023-05-09 07:00:00+00:00,0.0206,65807,-0.004359429770021623,-0.004359415961916282,VTBR
2023-05-10 07:00:00+00:00,0.0221,28689945,0.07034441857400173,0.0702865327281717,VTBR
2023-05-11 07:00:00+00:00,0.021665,31413037,-0.01988086274649048,-0.019879553331834443,VTBR
2023-05-12 07:00:00+00:00,0.02171,13571770,0.002074930187203213,0.0020749286983277955,VTBR
2023-05-13 07:00:00+00:00,0.021745,68352,0.0016108628560661865,0.0016108621594011629,VTBR
2023-05-14 07:00:00+00:00,0.02174,42919,-0.00022996435856530013,-0.0002299643565383775,VTBR
2023-05-15 07:00:00+00:00,0.02248,13757271,0.03347839396032705,0.03347214333242709,VTBR
2023-05-16 07:00:00+00:00,0.02233,13791557,-0.0066950091876463586,-0.006694959173423837,VTBR
2023-05-17 07:00:00+00:00,0.023345,43516283,0.044466403162055426,0.04445176257083401,VTBR
2023-05-18 07:00:00+00:00,0.02321,50080605,-0.005799640648685308,-0.005799608136554642,VTBR
2023-05-19 07:00:00+00:00,0.02313,22160509,-0.0034527509032829347,-0.0034527440429978134,VTBR
2023-05-20 07:00:00+00:00,0.02295,35989,-0.00781261921110855,-0.007812539736793625,VTBR
2023-05-21 07:00:00+00:00,0.02318,46911,0.009972066671553953,0.009971901405051381,VTBR
2023-05-22 07:00:00+00:00,0.022885,17114902,-0.01280851400341167,-0.012808163806000241,VTBR
2023-05-23 07:00:00+00:00,0.02366,30313262,0.03331034144591906,0.033304184444635426,VTBR
2023-05-24 07:00:00+00:00,0.023625,29210904,-0.001480385711154955,-0.0014803851704343308,VTBR
2023-05-25 07:00:00+00:00,0.02322,25461178,-0.017292358803986673,-0.017291497110060994,VTBR
2023-05-26 07:00:00+00:00,0.02325,22157017,0.0012911561223638718,0.0012911557636198078,VTBR
2023-05-27 07:00:00+00:00,0.02319,53485,-0.0025839836414472753,-0.0025839807659251294,VTBR
2023-05-28 07:00:00+00:00,0.02321,28258,0.000862069125681804,0.0008620690189055462,VTBR
2023-05-29 07:00:00+00:00,0.023205,21943547,-0.00021544759487336477,-0.00021544759320664465,VTBR
2023-05-30 07:00:00+00:00,0.022485,23236817,-0.03152457164936065,-0.031519352470468304,VTBR
2023-05-31 07:00:00+00:00,0.0222,17654110,-0.012756477291167106,-0.012756131344437023,VTBR
2023-06-01 07:00:00+00:00,0.021425,19451606,-0.03554130267957579,-0.03553382439439031,VTBR
2023-06-02 07:00:00+00:00,0.02263,62222187,0.054745304067101534,0.054717995161602605,VTBR
2023-06-03 07:00:00+00:00,0.022875,141886,0.01076835961741384,0.01076815151613892,VTBR
2023-06-04 07:00:00+00:00,0.02271,51513,-0.007239318275331809,-0.0072392550441178,VTBR
2023-06-05 07:00:00+00:00,0.021905,29950814,-0.03609827011098625,-0.03609043485160532,VTBR
2023-06-06 07:00:00+00:00,0.022335,21423861,0.01944125800775853,0.019440033538220127,VTBR
2023-06-07 07:00:00+00:00,0.02296,36065781,0.027602120349851704,0.027598616647283636,VTBR
2023-06-08 07:00:00+00:00,0.02275,16970579,-0.009188555347092014,-0.009188426054406368,VTBR
2023-06-09 07:00:00+00:00,0.022785,11866210,0.0015372799243767122,0.0015372793188863979,VTBR
2023-06-10 07:00:00+00:00,0.022755,32410,-0.0013175236284148864,-0.0013175232472406023,VTBR
2023-06-11 07:00:00+00:00,0.022595,28244,-0.007056317161617835,-0.007056258605362277,VTBR
2023-06-12 07:00:00+00:00,0.022615,30151,0.0008847601819951921,0.000884760066563384,VTBR
2023-06-13 07:00:00+00:00,0.02302,18403600,0.0177509324385662,0.01775000036393001,VTBR
2023-06-14 07:00:00+00:00,0.02305,10498345,0.0013023665170907722,0.0013023661489209302,VTBR
2023-06-15 07:00:00+00:00,0.02305,10885308,0.0,0.0,VTBR
2023-06-16 07:00:00+00:00,0.022975,11082741,-0.003259106970464547,-0.0032591012009068315,VTBR
2023-06-17 07:00:00+00:00,0.02292,41537,-0.0023967786899410514,-0.0023967763952119654,VTBR
2023-06-18 07:00:00+00:00,0.02292,17748,0.0,0.0,VTBR
2023-06-19 07:00:00+00:00,0.022885,8749372,-0.001528218335779373,-0.0015282177409334196,VTBR
2023-06-20 07:00:00+00:00,0.022695,11483781,-0.008337134776827675,-0.008337038197176405,VTBR
2023-06-21 07:00:00+00:00,0.022775,9055592,0.003518814499245359,0.003518807237593068,VTBR
2023-06-22 07:00:00+00:00,0.02233,12301309,-0.019733657840702055,-0.01973237729395553,VTBR
2023-06-23 07:00:00+00:00,0.022,20950210,-0.014889162561576375,-0.014888612493750637,VTBR
2023-06-24 07:00:00+00:00,0.020925,605696,-0.05011879548169869,-0.050097836982776804,VTBR
2023-06-26 07:00:00+00:00,0.02188,19039462,0.04464317696832297,0.044628361178241545,VTBR
2023-06-27 07:00:00+00:00,0.02181,12874444,-0.003204402824124279,-0.0032043973402428507,VTBR
2023-06-28 07:00:00+00:00,0.021675,7732886,-0.006209097442682861,-0.006209057546932181,VTBR
2023-06-29 07:00:00+00:00,0.021805,9621340,0.005979814265428653,0.00597977862812424,VTBR
2023-06-30 07:00:00+00:00,0.021685,5085482,-0.005518552017729928,-0.0055185240074002995,VTBR
2023-07-01 07:00:00+00:00,0.02185,26164,0.007580216845207814,0.007580144254269671,VTBR
2023-07-02 07:00:00+00:00,0.022145,24882,0.013411217826340128,0.013410815833562306,VTBR
2023-07-03 07:00:00+00:00,0.02209,11333992,-0.0024867225060231863,-0.002486719943135868,VTBR
2023-07-04 07:00:00+00:00,0.02243,21758238,0.015274925037140851,0.015274331100091123,VTBR
2023-07-05 07:00:00+00:00,0.02244,9903194,0.00044573213713821626,0.0004457321223787508,VTBR
2023-07-06 07:00:00+00:00,0.022415,9783947,-0.0011147032779409002,-0.0011147030470927345,VTBR
2023-07-07 07:00:00+00:00,0.022485,8490571,0.003118047667637376,0.003118042615267912,VTBR
2023-07-08 07:00:00+00:00,0.02253,74984,0.001999335553484831,0.0019993342214822607,VTBR
2023-07-09 07:00:00+00:00,0.022605,48059,0.0033233724200512423,0.0033233663024154142,VTBR
2023-07-10 07:00:00+00:00,0.02301,13997349,0.01775871660196783,0.017757783300706046,VTBR
2023-07-11 07:00:00+00:00,0.02336,25829444,0.015096827317485531,0.015096253912751718,VTBR
2023-07-12 07:00:00+00:00,0.0232,15132398,-0.00687293339631556,-0.006872879287762064,VTBR
2023-07-13 07:00:00+00:00,0.02307,9655145,-0.005619236058173695,-0.005619206486601915,VTBR
2023-07-14 07:00:00+00:00,0.023275,8620788,0.008846866376418488,0.008846750977468412,VTBR
2023-07-15 07:00:00+00:00,0.023465,74608,0.008130215649012607,0.008130126083250089,VTBR
2023-07-16 07:00:00+00:00,0.02334,39630,-0.0053413477857503,-0.005341322387971045,VTBR
2023-07-17 07:00:00+00:00,0.02323,8572972,-0.004724097647274464,-0.004724080076092069,VTBR
2023-07-18 07:00:00+00:00,0.02354,15851158,0.01325694332944053,0.013256555049812716,VTBR
2023-07-19 07:00:00+00:00,0.02335,8377413,-0.008104206426166008,-0.008104117717224297,VTBR
2023-07-20 07:00:00+00:00,0.02276,13566575,-0.025595168653071064,-0.025592374856776113,VTBR
2023-07-21 07:00:00+00:00,0.023035,8162019,0.012010477866073026,0.012010189129750251,VTBR
2023-07-22 07:00:00+00:00,0.02314,44999,0.004547939055576471,0.004547923377650242,VTBR
2023-07-23 07:00:00+00:00,0.023015,41006,-0.0054165709823231715,-0.00541654449632574,VTBR
2023-07-24 07:00:00+00:00,0.023225,5811224,0.009083232328240019,0.009083107430697446,VTBR
2023-07-25 07:00:00+00:00,0.02331,6277181,0.003653176473413362,0.0036531683477636586,VTBR
2023-07-26 07:00:00+00:00,0.02349,9125499,0.007692421485524917,0.007692345623155645,VTBR
2023-07-27 07:00:00+00:00,0.0251,51440223,0.0663416152334044,0.06629304746691672,VTBR
2023-07-28 07:00:00+00:00,0.02508,22768228,-0.0007971304574365687,-0.0007971303730182775,VTBR
2023-07-29 07:00:00+00:00,0.02495,178077,-0.005196916959916709,-0.005196893567192311,VTBR
2023-07-30 07:00:00+00:00,0.025375,67009,0.016891418304589543,0.016890615164423802,VTBR
2023-07-31 07:00:00+00:00,0.025815,25462542,0.01719212776777542,0.01719128096966111,VTBR
2023-08-01 07:00:00+00:00,0.02563,19554580,-0.007192239961265898,-0.007192177955632757,VTBR
2023-08-02 07:00:00+00:00,0.0256,9838410,-0.001171189158212984,-0.0011711888904628726,VTBR
2023-08-03 07:00:00+00:00,0.02707,42542719,0.05586276609253783,0.055833752140692985,VTBR
2023-08-04 07:00:00+00:00,0.026525,39241567,-0.02033982132405706,-0.020338419126162965,VTBR
2023-08-05 07:00:00+00:00,0.026815,80543,0.010873962218524158,0.010873747934841523,VTBR
2023-08-06 07:00:00+00:00,0.026845,124212,0.0011181516726415594,0.0011181514396444235,VTBR
2023-08-07 07:00:00+00:00,0.026075,20507502,-0.029106691283917987,-0.029102582987696697,VTBR
2023-08-08 07:00:00+00:00,0.02666,22193925,0.022189134292201956,0.02218731386372632,VTBR
2023-08-09 07:00:00+00:00,0.026545,12136411,-0.004322922179028484,-0.004322908714927826,VTBR
2023-08-10 07:00:00+00:00,0.02855,64969754,0.07287989301450565,0.07281553006638442,VTBR
2023-08-11 07:00:00+00:00,0.0283,24828119,-0.008795244843526647,-0.008795131452827289,VTBR
2023-08-12 07:00:00+00:00,0.028565,125113,0.009320522470912893,0.009320387527233893,VTBR
2023-08-13 07:00:00+00:00,0.02855,72221,-0.0005252560985591679,-0.0005252560744067076,VTBR
2023-08-14 07:00:00+00:00,0.02746,30329950,-0.038936367242657074,-0.03892653576219422,VTBR
2023-08-15 07:00:00+00:00,0.027195,19261867,-0.009697419449266213,-0.009697267464900867,VTBR
2023-08-16 07:00:00+00:00,0.026775,22254754,-0.015565144976909692,-0.015564516541111573,VTBR
2023-08-17 07:00:00+00:00,0.027845,20489154,0.03919482918563971,0.03918480070781954,VTBR
2023-08-18 07:00:00+00:00,0.02796,19657997,0.004121511992480238,0.00412150032397754,VTBR
2023-08-19 07:00:00+00:00,0.02783,84292,-0.004660358697322788,-0.004660341827810061,VTBR
2023-08-20 07:00:00+00:00,0.028235,37904,0.014448270225236662,0.014447767587000563,VTBR
2023-08-21 07:00:00+00:00,0.02787,10398791,-0.01301186877346564,-0.01301150163094324,VTBR
2023-08-22 07:00:00+00:00,0.027735,9787547,-0.004855707067678617,-0.004855687986659007,VTBR
2023-08-23 07:00:00+00:00,0.02702,16073070,-0.0261207904139807,-0.026117820975145055,VTBR
2023-08-24 07:00:00+00:00,0.027495,9353459,0.017427719514038542,0.01742683742772526,VTBR
